Date,Total cases,Total deaths,Total recovered,Active cases
2020-01-22,0,0,0,0
2020-01-23,0,0,0,0
2020-01-24,0,0,0,0
2020-01-25,4,0,0,4
2020-01-26,0,0,0,0
2020-01-27,0,0,0,0
2020-01-28,3,0,0,3
2020-01-29,0,0,0,0
2020-01-30,1,0,0,1
2020-01-31,0,0,0,0
2020-02-01,0,0,0,0
2020-02-02,0,0,0,0
2020-02-03,0,0,0,0
2020-02-04,2,0,1,1
2020-02-05,2,0,0,2
2020-02-06,2,0,0,2
2020-02-07,1,0,0,1
2020-02-08,1,0,1,0
2020-02-09,1,0,1,0
2020-02-10,1,0,0,1
2020-02-11,0,0,0,0
2020-02-12,0,0,0,0
2020-02-13,1,0,0,1
2020-02-14,0,0,4,-4
2020-02-15,2,0,0,2
2020-02-16,1,0,1,0
2020-02-17,0,0,1,-1
2020-02-18,0,0,2,-2
2020-02-19,0,0,4,-4
2020-02-20,0,0,2,-2
2020-02-21,0,0,0,0
2020-02-22,0,0,0,0
2020-02-23,0,0,1,-1
2020-02-24,0,0,2,-2
2020-02-25,0,0,0,0
2020-02-26,0,0,0,0
2020-02-27,1,0,2,-1
2020-02-28,2,0,0,2
2020-02-29,0,0,0,0
2020-03-01,4,0,0,4
2020-03-02,0,0,0,0
2020-03-03,7,0,0,7
2020-03-04,14,0,0,14
2020-03-05,5,0,0,5
2020-03-06,28,0,1,27
2020-03-07,10,0,0,10
2020-03-08,6,0,0,6
2020-03-09,18,0,1,17
2020-03-10,12,0,0,12
2020-03-11,20,0,2,18
2020-03-12,9,0,6,3
2020-03-13,39,0,1,38
2020-03-14,41,0,2,39
2020-03-15,190,0,7,183
2020-03-16,125,0,0,125
2020-03-17,120,2,7,111
2020-03-18,117,0,11,106
2020-03-19,110,0,15,95
2020-03-20,130,0,12,118
2020-03-21,153,6,27,120
2020-03-22,123,2,25,96
2020-03-23,212,4,20,188
2020-03-24,106,1,24,81
2020-03-25,172,5,16,151
2020-03-26,235,3,16,216
2020-03-27,130,3,44,83
2020-03-28,159,1,61,97
2020-03-29,150,8,68,74
2020-03-30,156,2,91,63
2020-03-31,140,6,58,76
2020-04-01,142,2,108,32
2020-04-02,208,5,122,81
2020-04-03,217,3,60,154
2020-04-04,150,4,88,58
2020-04-05,179,4,90,85
2020-04-06,131,1,236,-106
2020-04-07,170,1,80,89
2020-04-08,156,2,166,-12
2020-04-09,109,2,121,-14
2020-04-10,118,3,222,-107
2020-04-11,184,3,165,16
2020-04-12,153,3,113,37
2020-04-13,134,1,168,-35
2020-04-14,170,5,202,-37
2020-04-15,85,1,169,-85
2020-04-16,110,1,119,-10
2020-04-17,69,2,201,-134
2020-04-18,54,2,135,-83
2020-04-19,84,1,95,-12
2020-04-20,36,0,98,-62
2020-04-21,57,3,54,0
2020-04-22,50,1,103,-54
2020-04-23,71,2,90,-21
2020-04-24,88,1,121,-34
2020-04-25,51,2,99,-50
2020-04-26,38,0,100,-62
2020-04-27,40,1,95,-56
2020-04-28,31,1,75,-45
2020-04-29,94,0,55,39
2020-04-30,57,2,84,-29
2020-05-01,69,1,39,29
2020-05-02,105,0,116,-11
2020-05-03,122,2,87,33
2020-05-04,55,0,71,-16
2020-05-05,30,1,83,-54
2020-05-06,45,1,135,-91
2020-05-07,39,0,74,-35
2020-05-08,68,0,88,-20
2020-05-09,54,1,65,-12
2020-05-10,67,0,96,-29
2020-05-11,70,1,88,-19
2020-05-12,16,0,110,-94
2020-05-13,37,2,58,-23
2020-05-14,40,1,70,-31
2020-05-15,36,0,88,-52
2020-05-16,17,1,73,-57
2020-05-17,22,0,59,-37
2020-05-18,47,0,44,3
2020-05-19,37,1,31,5
2020-05-20,31,0,60,-29
2020-05-21,50,0,90,-40
2020-05-22,78,1,63,14
2020-05-23,48,0,53,-5
2020-05-24,60,0,33,27
2020-05-25,172,0,34,138
2020-05-26,187,0,62,125
2020-05-27,15,0,42,-27
2020-05-28,10,0,86,-76
2020-05-29,103,0,66,37
2020-05-30,30,0,95,-65
2020-05-31,57,0,23,34
2020-06-01,38,0,51,-13
2020-06-02,20,0,66,-46
2020-06-03,93,0,61,32
2020-06-04,277,0,28,249
2020-06-05,19,1,51,-33
2020-06-06,37,1,25,11
2020-06-07,19,0,39,-20
2020-06-08,7,0,20,-13
2020-06-09,7,0,281,-274
2020-06-10,2,1,39,-38
2020-06-11,31,0,51,-20
2020-06-12,33,1,103,-71
2020-06-13,43,1,143,-101
2020-06-14,8,1,35,-28
2020-06-15,41,0,54,-13
2020-06-16,11,0,333,-322
2020-06-17,10,0,140,-130
2020-06-18,14,0,127,-113
2020-06-19,6,0,70,-64
2020-06-20,21,0,76,-55
2020-06-21,16,0,10,6
2020-06-22,15,0,21,-6
2020-06-23,3,0,9,-6
2020-06-24,6,0,45,-39
2020-06-25,4,0,40,-36
2020-06-26,6,0,23,-17
2020-06-27,10,0,14,-4
2020-06-28,18,0,10,8
2020-06-29,3,0,16,-13
2020-06-30,2,0,20,-18
2020-07-01,1,0,21,-20
2020-07-02,3,0,62,-59
2020-07-03,5,0,9,-4
2020-07-04,10,0,15,-5
2020-07-05,5,0,4,1
2020-07-06,5,0,11,-6
2020-07-07,6,0,5,1
2020-07-08,3,0,5,-2
2020-07-09,6,0,13,-7
2020-07-10,13,0,12,1
2020-07-11,8,1,4,3
2020-07-12,14,0,4,10
2020-07-13,7,0,1,6
2020-07-14,4,0,4,0
2020-07-15,5,0,2,3
2020-07-16,3,0,12,-9
2020-07-17,18,0,3,15
2020-07-18,9,0,5,4
2020-07-19,15,1,7,7
2020-07-20,21,0,2,19
2020-07-21,15,0,7,8
2020-07-22,16,0,4,12
2020-07-23,9,0,8,1
2020-07-24,21,0,3,18
2020-07-25,23,0,17,6
2020-07-26,13,1,6,6
2020-07-27,7,0,1,6
2020-07-28,39,0,6,33
2020-07-29,13,0,5,8
2020-07-30,8,0,5,3
2020-07-31,12,1,27,-16
2020-08-01,9,0,3,6
2020-08-02,14,0,17,-3
2020-08-03,2,0,4,-2
2020-08-04,1,0,16,-15
2020-08-05,21,0,18,3
2020-08-06,15,0,11,4
2020-08-07,25,0,15,10
2020-08-08,7,0,47,-40
2020-08-09,13,0,9,4
2020-08-10,11,0,19,-8
2020-08-11,9,0,6,3
2020-08-12,11,0,8,3
2020-08-13,15,0,4,11
2020-08-14,20,0,7,13
2020-08-15,26,0,3,23
2020-08-16,25,0,28,-3
2020-08-17,12,0,17,-5
2020-08-18,7,0,26,-19
2020-08-19,16,0,23,-7
2020-08-20,5,0,7,-2
2020-08-21,9,0,13,-4
2020-08-22,8,0,4,4
2020-08-23,10,0,10,0
2020-08-24,7,0,6,1
2020-08-25,11,0,6,5
2020-08-26,6,0,7,-1
2020-08-27,5,0,16,-11
2020-08-28,10,0,36,-26
2020-08-29,11,0,8,3
2020-08-30,17,1,10,6
2020-08-31,6,1,6,-1
2020-09-01,14,1,21,-8
2020-09-02,6,0,4,2
2020-09-03,14,0,4,10
2020-09-04,11,0,9,2
2020-09-05,6,0,21,-15
2020-09-06,6,0,2,4
2020-09-07,62,0,9,53
2020-09-08,100,0,12,88
2020-09-09,24,0,7,17
2020-09-10,45,0,24,21
2020-09-11,182,0,14,168
2020-09-12,58,0,8,50
2020-09-13,47,0,7,40
2020-09-14,31,0,7,24
2020-09-15,23,0,6,17
2020-09-16,62,0,26,36
2020-09-17,21,0,15,6
2020-09-18,95,1,14,80
2020-09-19,20,1,51,-32
2020-09-20,52,0,40,12
2020-09-21,57,0,40,17
2020-09-22,82,0,168,-86
2020-09-23,147,3,39,105
2020-09-24,71,0,64,7
2020-09-25,111,0,30,81
2020-09-26,82,0,89,-7
2020-09-27,150,1,50,99
2020-09-28,115,0,54,61
2020-09-29,101,0,50,51
2020-09-30,89,2,28,59
2020-10-01,260,0,47,213
2020-10-02,287,0,81,206
2020-10-03,317,1,121,195
2020-10-04,293,0,67,226
2020-10-05,432,0,57,375
2020-10-06,691,4,87,600
2020-10-07,489,0,74,415
2020-10-08,375,5,18,352
2020-10-09,354,6,188,160
2020-10-10,374,3,73,298
2020-10-11,561,2,133,426
2020-10-12,563,2,109,452
2020-10-13,660,4,350,306
2020-10-14,660,4,233,423
2020-10-15,589,3,409,177
2020-10-16,629,6,245,378
2020-10-17,869,4,302,563
2020-10-18,871,7,701,163
2020-10-19,865,3,455,407
2020-10-20,862,3,634,225
2020-10-21,732,6,580,146
2020-10-22,847,5,486,356
2020-10-23,710,10,467,233
2020-10-24,1228,7,671,550
2020-10-25,823,8,579,236
2020-10-26,1240,7,691,542
2020-10-27,835,2,674,159
2020-10-28,801,8,573,220
2020-10-29,649,0,685,-36
2020-10-30,799,3,491,305
2020-10-31,659,0,1000,-341
2020-11-01,957,0,972,-15
2020-11-02,834,2,900,-68
2020-11-03,1054,12,875,167
2020-11-04,1032,8,820,204
2020-11-05,1009,6,839,164
2020-11-06,1755,2,726,1027
2020-11-07,1168,3,1029,136
2020-11-08,852,4,825,23
2020-11-09,972,8,1345,-381
2020-11-10,869,6,725,138
2020-11-11,822,2,769,51
2020-11-12,919,1,996,-78
2020-11-13,1304,1,900,403
2020-11-14,1114,2,803,309
2020-11-15,1208,3,1013,192
2020-11-16,1103,4,821,278
2020-11-17,1210,5,1018,187
2020-11-18,660,4,630,26
2020-11-19,1290,4,878,408
2020-11-20,958,3,956,-1
2020-11-21,1041,3,1405,-367
2020-11-22,1096,3,1104,-11
2020-11-23,1884,2,883,999
2020-11-24,2188,4,1673,511
2020-11-25,970,4,2348,-1382
2020-11-26,935,3,2555,-1623
2020-11-27,1109,2,1148,-41
2020-11-28,1315,4,1110,201
2020-11-29,1309,3,1333,-27
2020-11-30,1212,3,2112,-903
2020-12-01,1472,3,1552,-83
2020-12-02,851,2,658,191
2020-12-03,1075,11,948,116
2020-12-04,1141,0,1144,-3
2020-12-05,1123,4,1143,-24
2020-12-06,1335,2,1069,264
2020-12-07,1600,2,1033,565
2020-12-08,1012,4,1750,-742
2020-12-09,959,5,1068,-114
2020-12-10,2234,3,1112,1119
2020-12-11,1810,6,937,867
2020-12-12,1937,9,911,1017
2020-12-13,1229,4,1309,-84
2020-12-14,1371,4,1204,163
2020-12-15,1772,3,1084,685
2020-12-16,1295,7,1052,236
2020-12-17,1220,3,1297,-80
2020-12-18,1683,0,1214,469
2020-12-19,1153,1,998,154
2020-12-20,1340,4,1067,269
2020-12-21,2018,1,1084,933
2020-12-22,2062,1,911,1150
2020-12-23,1348,5,710,633
2020-12-24,1581,2,1085,494
2020-12-25,1247,3,1441,-197
2020-12-26,2335,2,874,1459
2020-12-27,1196,1,997,198
2020-12-28,1594,3,1181,410
2020-12-29,1925,2,1123,800
2020-12-30,1870,6,745,1119
2020-12-31,2525,8,1481,1036
2021-01-01,2068,3,2230,-165
2021-01-02,2295,9,3321,-1035
2021-01-03,1704,11,2726,-1033
2021-01-04,1741,7,1010,724
2021-01-05,2027,8,1221,798
2021-01-06,2593,4,1129,1460
2021-01-07,3027,8,2145,874
2021-01-08,2643,16,2708,-81
2021-01-09,2451,5,1401,1045
2021-01-10,2433,9,1277,1147
2021-01-11,2232,4,1006,1222
2021-01-12,3309,4,1469,1836
2021-01-13,2985,4,994,1987
2021-01-14,3337,15,1710,1612
2021-01-15,3211,8,1939,1264
2021-01-16,4029,8,2148,1873
2021-01-17,3339,7,2676,656
2021-01-18,3306,4,2293,1009
2021-01-19,3631,14,2944,673
2021-01-20,4008,11,2374,1623
2021-01-21,3170,12,2490,668
2021-01-22,3631,18,2554,1059
2021-01-23,4275,7,4313,-45
2021-01-24,3346,11,4427,-1092
2021-01-25,3048,11,3638,-601
2021-01-26,3585,11,4076,-502
2021-01-27,3680,7,1858,1815
2021-01-28,4094,10,3281,803
2021-01-29,5725,16,3423,2286
2021-01-30,5728,13,3805,1910
2021-01-31,5298,14,4522,762
2021-02-01,4214,10,4280,-76
2021-02-02,3455,21,3661,-227
2021-02-03,4284,18,3804,462
2021-02-04,4571,17,4092,462
2021-02-05,3391,19,3392,-20
2021-02-06,3847,12,1692,2143
2021-02-07,3731,15,3369,347
2021-02-08,3100,24,2340,736
2021-02-09,2764,13,3887,-1136
2021-02-10,3288,14,1929,1345
2021-02-11,3384,13,3774,-403
2021-02-12,3318,17,3505,-204
2021-02-13,3499,5,3515,-21
2021-02-14,2464,7,4525,-2068
2021-02-15,2176,10,4521,-2355
2021-02-16,2720,8,5718,-3006
2021-02-17,2998,22,5709,-2733
2021-02-18,2712,25,5320,-2633
2021-02-19,2936,13,4889,-1966
2021-02-20,2461,8,4782,-2329
2021-02-21,3297,5,4456,-1164
2021-02-22,2192,6,3414,-1228
2021-02-23,2468,14,4055,-1601
2021-02-24,3545,12,3331,202
2021-02-25,1924,12,3752,-1840
2021-02-26,2253,11,3085,-843
2021-02-27,2364,10,3320,-966
2021-02-28,2437,9,3251,-823
2021-03-01,1828,5,2486,-663
2021-03-02,1555,6,2528,-979
2021-03-03,1745,7,2276,-538
2021-03-04,2063,5,2922,-864
2021-03-05,2154,6,3275,-1127
2021-03-06,1680,7,2548,-875
2021-03-07,1683,3,2506,-826
2021-03-08,1529,8,2076,-555
2021-03-09,1280,9,2345,-1074
2021-03-10,1448,5,2137,-694
2021-03-11,1647,9,2104,-466
2021-03-12,1575,3,2042,-470
2021-03-13,1470,3,1830,-363
2021-03-14,1354,4,1782,-432
2021-03-15,1208,3,1973,-768
2021-03-16,1063,5,1365,-307
2021-03-17,1219,2,1346,-129
2021-03-18,1213,3,1503,-293
2021-03-19,1576,2,1996,-422
2021-03-20,1671,4,1585,82
2021-03-21,1327,4,1247,76
2021-03-22,1116,5,1495,-384
2021-03-23,1384,6,1058,320
2021-03-24,1268,2,1083,183
2021-03-25,1360,2,1491,-133
2021-03-26,1275,1,1509,-235
2021-03-27,1199,2,1257,-60
2021-03-28,1302,4,1127,171
2021-03-29,941,5,1097,-161
2021-03-30,1133,5,1148,-20
2021-03-31,1482,7,1070,405
2021-04-01,1178,6,1377,-205
2021-04-02,1294,5,1442,-153
2021-04-03,1638,3,1449,186
2021-04-04,1349,2,1270,77
2021-04-05,1070,7,1294,-231
2021-04-06,1300,5,1412,-117
2021-04-07,1139,4,1199,-64
2021-04-08,1285,4,1175,106
2021-04-09,1854,5,1247,602
2021-04-10,1510,8,1248,254
2021-04-11,1739,8,1216,515
2021-04-12,1317,4,1052,261
2021-04-13,1767,12,1290,465
2021-04-14,1889,8,1485,396
2021-04-15,2148,10,1259,879
2021-04-16,2551,2,1524,1025
2021-04-17,2331,5,1832,494
2021-04-18,2195,8,1427,760
2021-04-19,2078,8,1402,668
2021-04-20,2341,3,1592,746
2021-04-21,2340,11,1910,419
2021-04-22,2875,7,2541,327
2021-04-23,2847,8,2341,498
2021-04-24,2717,11,2292,414
2021-04-25,2690,10,1853,827
2021-04-26,2776,13,1803,960
2021-04-27,2733,13,2019,701
2021-04-28,3142,15,1822,1305
2021-04-29,3332,15,1943,1374
2021-04-30,3788,14,2640,1134
2021-05-01,2881,15,2462,404
2021-05-02,3418,12,2698,708
2021-05-03,2500,18,2068,414
2021-05-04,3120,23,2334,763
2021-05-05,3744,17,2304,1423
2021-05-06,3551,19,2709,823
2021-05-07,4498,22,3449,1027
2021-05-08,4519,25,2719,1775
2021-05-09,3733,26,3211,496
2021-05-10,3807,17,3454,336
2021-05-11,3973,22,2848,1103
2021-05-12,4765,39,3124,1602
2021-05-13,4855,27,3347,1481
2021-05-14,4113,34,4190,-111
2021-05-15,4140,44,3432,664
2021-05-16,3780,36,3990,-246
2021-05-17,4446,45,2784,1617
2021-05-18,4865,47,3497,1321
2021-05-19,6075,46,3516,2513
2021-05-20,6806,59,3916,2831
2021-05-21,6493,50,4508,1935
2021-05-22,6320,50,4694,1576
2021-05-23,6976,49,3587,3340
2021-05-24,6509,61,3452,2996
2021-05-25,7289,60,3789,3440
2021-05-26,7478,63,4665,2750
2021-05-27,7857,59,4598,3200
2021-05-28,8290,61,4814,3415
2021-05-29,9020,98,5527,3395
2021-05-30,6999,79,5121,1799
2021-05-31,6824,67,5251,1506
2021-06-01,7105,71,6083,951
2021-06-02,7703,126,5777,1800
2021-06-03,8209,103,7049,1057
2021-06-04,7748,86,6624,1038
2021-06-05,7452,109,6105,1238
2021-06-06,6241,87,5133,1021
2021-06-07,5271,82,7548,-2359
2021-06-08,5566,76,6962,-1472
2021-06-09,6239,75,7386,-1222
2021-06-10,5671,73,7325,-1727
2021-06-11,6849,84,7749,-984
2021-06-12,5793,76,8334,-2617
2021-06-13,5304,64,8163,-2923
2021-06-14,4949,60,6588,-1699
2021-06-15,5419,101,6831,-1513
2021-06-16,5150,73,7240,-2163
2021-06-17,5738,60,7530,-1852
2021-06-18,6440,74,6861,-495
2021-06-19,5911,72,6918,-1079
2021-06-20,5293,60,5941,-708
2021-06-21,4611,69,5439,-897
2021-06-22,4743,77,5557,-891
2021-06-23,5244,83,6372,-1211
2021-06-24,5841,84,5411,346
2021-06-25,5812,82,6775,-1045
2021-06-26,5803,81,5193,529
2021-06-27,5586,60,4777,749
2021-06-28,5218,57,4744,417
2021-06-29,6437,107,5298,1032
2021-06-30,6276,62,4929,1285
2021-07-01,6988,84,5580,1324
2021-07-02,6982,73,6278,631
2021-07-03,6658,107,5677,874
2021-07-04,6045,63,5271,711
2021-07-05,6387,77,4532,1778
2021-07-06,7654,103,4797,2754
2021-07-07,7097,91,4863,2143
2021-07-08,8868,135,5802,2931
2021-07-09,9180,77,5713,3390
2021-07-10,9353,87,5910,3356
2021-07-11,9105,91,5194,3820
2021-07-12,8574,102,5041,3431
2021-07-13,11079,125,5990,4964
2021-07-14,11618,118,6377,5123
2021-07-15,13215,110,6095,7010
2021-07-16,12541,115,6742,5684
2021-07-17,12528,138,6629,5761
2021-07-18,10710,153,5778,4779
2021-07-19,10972,129,6439,4404
2021-07-20,12366,93,7567,4706
2021-07-21,11985,199,7902,3884
2021-07-22,13034,134,8436,4464
2021-07-23,15573,144,10094,5335
2021-07-24,15902,184,9471,6247
2021-07-25,17045,92,9683,7270
2021-07-26,14516,207,9372,4937
2021-07-27,16117,207,11526,4384
2021-07-28,17405,143,12373,4889
2021-07-29,17170,174,12930,4066
2021-07-30,16840,134,12179,4527
2021-07-31,17786,165,11718,5903
2021-08-01,17150,160,11326,5664
2021-08-02,15764,219,11767,3778
2021-08-03,17105,195,12297,4613
2021-08-04,19819,257,12704,6858
2021-08-05,20596,164,13893,6539
2021-08-06,20889,160,16394,4335
2021-08-07,19257,210,16323,2724
2021-08-08,18688,360,17055,1273
2021-08-09,17236,212,15187,1837
2021-08-10,19991,201,16258,3532
2021-08-11,20780,211,17973,2596
2021-08-12,21668,318,17687,3663
2021-08-13,21468,277,17025,4166
2021-08-14,20670,260,17655,2755
2021-08-15,20546,282,16945,3319
2021-08-16,19740,274,17450,2016
2021-08-17,19631,293,16468,2870
2021-08-18,22242,225,19680,2337
2021-08-19,22948,178,21720,1050
2021-08-20,23564,233,21448,1883
2021-08-21,22262,223,18576,3463
2021-08-22,19807,232,18200,1375
2021-08-23,17672,174,19053,-1555
2021-08-24,20837,211,18613,2013
2021-08-25,22642,265,20798,1579
2021-08-26,24599,393,22657,1549
2021-08-27,22070,339,21877,-146
2021-08-28,22597,252,19492,2853
2021-08-29,20579,285,20845,-551
2021-08-30,19268,295,21257,-2284
2021-08-31,20897,282,18465,2150
2021-09-01,18762,278,21073,-2589
2021-09-02,20988,249,23473,-2734
2021-09-03,19378,330,22399,-3351
2021-09-04,19057,362,21582,-2887
2021-09-05,20396,336,20573,-513
2021-09-06,17352,272,20201,-3121
2021-09-07,18547,311,18902,-666
2021-09-08,19733,361,22701,-3329
2021-09-09,19307,323,24855,-5871
2021-09-10,21176,341,21476,-641
2021-09-11,19550,592,21771,-2813
2021-09-12,19198,292,20980,-2074
2021-09-13,16073,413,24813,-9153
2021-09-14,15669,463,18053,-2847
2021-09-15,19495,422,18760,313
2021-09-16,18815,346,16939,1530
2021-09-17,17577,388,22970,-5781
2021-09-18,15549,324,17205,-1980
2021-09-19,14954,376,23469,-8891
2021-09-20,14345,301,16814,-2770
2021-09-21,15759,334,16650,-1225
2021-09-22,14990,487,19702,-5199
2021-09-23,13754,116,16628,-2990
2021-09-24,14554,250,16751,-2447
2021-09-25,13899,228,18074,-4403
2021-09-26,13104,278,20971,-8145
2021-09-27,10959,258,16430,-5729
2021-09-28,11332,240,14160,-3068
2021-09-29,12434,208,17000,-4774
2021-09-30,12735,192,17725,-5182
2021-10-01,11889,121,15891,-4123
2021-10-02,10915,109,15396,-4590
2021-10-03,9066,118,14454,-5506
2021-10-04,8075,76,15456,-7457
2021-10-05,8817,117,15615,-6915
2021-10-06,9380,105,13045,-3770
2021-10-07,9890,132,12884,-3126
2021-10-08,9751,78,12724,-3051
2021-10-09,8743,74,14422,-5753
2021-10-10,7373,64,10959,-3650
2021-10-11,6709,93,10833,-4217
2021-10-12,7276,103,10555,-3382
2021-10-13,7950,68,10832,-2950
2021-10-14,8084,88,12456,-4460
2021-10-15,7420,89,11413,-4082
2021-10-16,7509,88,9531,-2110
2021-10-17,6145,63,9231,-3149
2021-10-18,5434,72,8435,-3073
2021-10-19,5745,69,8933,-3257
2021-10-20,5516,76,9401,-3961
2021-10-21,6210,96,0,6114
2021-10-22,6630,78,7630,-1078
2021-10-23,5828,42,9178,-3392
2021-10-24,5666,46,6978,-1358
2021-10-25,4782,92,7414,-2724
2021-10-26,5726,84,5607,35
2021-10-27,6148,98,7595,-1545
2021-10-28,6377,95,6637,-355
2021-10-29,6060,63,7297,-1300
2021-10-30,5854,44,6715,-905
2021-10-31,4979,36,6127,-1184
2021-11-01,4626,63,5299,-736
2021-11-02,5071,70,5372,-371
2021-11-03,5291,46,4947,298
2021-11-04,5713,64,5865,-216
2021-11-05,4922,47,5579,-704
2021-11-06,4701,54,5382,-735
2021-11-07,4343,35,5190,-882
2021-11-08,4543,58,7348,-2863
2021-11-09,5403,78,5311,14
2021-11-10,6243,59,5068,1116
2021-11-11,6323,49,5337,937
2021-11-12,6517,41,6026,450
2021-11-13,5809,55,4712,1042
2021-11-14,5162,45,5019,98
2021-11-15,5143,53,4551,539
2021-11-16,5413,40,6013,-640
2021-11-17,6288,68,4743,1477
2021-11-18,6380,55,5760,565
2021-11-19,6355,45,5031,1279
2021-11-20,5859,38,4970,851
2021-11-21,4854,24,5525,-695
2021-11-22,4885,63,5628,-806
2021-11-23,5594,47,4908,639
2021-11-24,5755,37,5082,636
2021-11-25,6144,48,6602,-506
2021-11-26,5501,45,6664,-1208
2021-11-27,5097,40,5352,-295
2021-11-28,4239,29,5007,-797
2021-11-29,4087,61,4984,-958
2021-11-30,4879,55,5168,-344
2021-12-01,5439,49,6803,-1413
2021-12-02,5806,47,7246,-1487
2021-12-03,5551,17,5301,233
2021-12-04,4896,36,4678,182
2021-12-05,4298,40,4929,-671
2021-12-06,4262,38,5894,-1670
2021-12-07,4965,66,4817,82
2021-12-08,5020,28,4525,467
2021-12-09,5446,41,5427,-22
2021-12-10,5058,44,4997,17
2021-12-11,4626,31,4690,-95
2021-12-12,3490,17,5399,-1926
2021-12-13,3504,29,4401,-926
2021-12-14,4097,48,4301,-252
2021-12-15,3900,33,4552,-685
2021-12-16,4262,37,4985,-760
2021-12-17,4362,18,5098,-754
2021-12-18,4083,29,5435,-1381
2021-12-19,3108,19,3701,-612
2021-12-20,2589,43,3810,-1264
2021-12-21,3140,57,4278,-1195
2021-12-22,3519,29,5118,-1628
2021-12-23,3510,44,4998,-1532
2021-12-24,3528,25,4489,-986
2021-12-25,3160,25,4421,-1286
2021-12-26,2778,19,3539,-780
2021-12-27,2757,35,4620,-1898
2021-12-28,2897,23,3434,-560
2021-12-29,3683,36,4322,-675
2021-12-30,3997,34,3984,-21
2021-12-31,3573,25,3988,-440
2022-01-01,3386,26,3547,-187
2022-01-02,2882,19,3291,-428
2022-01-03,2690,28,3535,-873
2022-01-04,2842,31,2862,-51
2022-01-05,3270,18,3195,57
2022-01-06,3543,19,3484,40
2022-01-07,3381,16,3447,-82
2022-01-08,3251,11,3161,79
2022-01-09,2888,23,2714,151
2022-01-10,2641,18,2808,-185
2022-01-11,3175,27,2977,171
2022-01-12,3198,15,3200,-17
2022-01-13,3684,12,3292,380
2022-01-14,3346,12,3052,282
2022-01-15,3074,19,2828,227
2022-01-16,3010,12,2584,414
2022-01-17,2342,16,2907,-581
2022-01-18,3245,9,3093,143
2022-01-19,3229,13,2848,368
2022-01-20,3764,22,3254,488
2022-01-21,4046,16,2804,1226
2022-01-22,4116,14,2858,1244
2022-01-23,3856,9,2814,1033
2022-01-24,3214,10,3116,88
2022-01-25,4066,16,3559,491
2022-01-26,4744,12,3646,1086
2022-01-27,5439,10,4409,1020
2022-01-28,5522,12,3285,2225
2022-01-29,5139,5,3767,1367
2022-01-30,4915,8,3056,1851
2022-01-31,4774,13,3232,1529
2022-02-01,5566,7,3187,2372
2022-02-02,5736,7,3196,2533
2022-02-03,5720,8,3968,1744
2022-02-04,7234,11,5254,1969
2022-02-05,9117,14,6546,2557
2022-02-06,10089,9,6460,3620
2022-02-07,11034,9,6036,4989
2022-02-08,13944,13,5421,8510
2022-02-09,17134,9,5681,11444
2022-02-10,19090,10,5712,13368
2022-02-11,20939,24,5807,15108
2022-02-12,22802,15,5442,17345
2022-02-13,21072,11,5724,15337
2022-02-14,21315,24,8517,12774
2022-02-15,22133,31,7584,14518
2022-02-16,27831,21,7912,19898
2022-02-17,26701,39,11744,14918
2022-02-18,27808,36,12488,15284
2022-02-19,28825,34,18514,10277
2022-02-20,26832,37,18459,8336
2022-02-21,25099,43,17749,7307
2022-02-22,27179,43,19037,8099
2022-02-23,31199,55,20399,10745
2022-02-24,32070,46,23332,8692
2022-02-25,30644,57,22678,7909
2022-02-26,27299,43,22710,4546
2022-02-27,24466,40,22710,1716
2022-02-28,23100,75,30624,-7599
2022-03-01,25854,78,25548,228
2022-03-02,27500,115,0,27385
2022-03-03,32467,86,27629,4752
2022-03-04,33209,78,26352,6779
2022-03-05,33406,67,27143,6196
2022-03-06,27435,55,30335,-2955
2022-03-07,26856,77,30726,-3947
2022-03-08,31490,79,29035,2376
2022-03-09,30246,113,26653,3480
2022-03-10,30787,70,26457,4260
2022-03-11,32800,76,24444,8280
2022-03-12,26250,77,25089,1084
2022-03-13,22535,87,25356,-2908
2022-03-14,22030,92,33872,-11934
2022-03-15,26534,95,31234,-4795
2022-03-16,28298,105,33009,-4816
2022-03-17,27004,86,29450,-2532
2022-03-18,24241,59,26615,-2433
2022-03-19,22341,85,33347,-11091
2022-03-20,19105,71,28250,-9216
2022-03-21,17828,63,28003,-10238
2022-03-22,21483,73,32561,-11151
2022-03-23,22491,65,26234,-3808
2022-03-24,24316,64,25512,-1260
2022-03-25,21839,52,0,21787
2022-03-26,20923,34,25467,-4578
2022-03-27,16863,37,26171,-9345
2022-03-28,13336,54,25552,-12270
2022-03-29,15215,64,0,15151
2022-03-30,15941,33,21186,-5278
2022-03-31,18560,44,18253,263
2022-04-01,17476,30,17321,125
2022-04-02,14692,56,20383,-5747
2022-04-03,12380,30,20635,-8285
2022-04-04,10002,28,23302,-13328
2022-04-05,12017,33,20431,-8447
2022-04-06,12105,32,21029,-8956
2022-04-07,11994,36,16603,-4645
2022-04-08,14944,31,14045,868
2022-04-09,10177,21,15132,-4976
2022-04-10,8112,12,15765,-7665
2022-04-11,7739,19,19049,-11329
2022-04-12,9002,30,16986,-8014
2022-04-13,10052,22,15893,-5863
2022-04-14,10413,18,13202,-2807
2022-04-15,9673,16,14267,-4610
2022-04-16,9705,12,14346,-4653
2022-04-17,6623,12,11233,-4622
2022-04-18,7140,16,14423,-7299
2022-04-19,6069,12,10619,-4562
2022-04-20,6968,16,8267,-1315
2022-04-21,5899,5,8434,-2540
2022-04-22,6342,12,9111,-2781
2022-04-23,5624,9,10041,-4426
2022-04-24,4006,8,10223,-6225
2022-04-25,2478,8,9215,-6745
2022-04-26,3361,13,9484,-6136
2022-04-27,3471,6,6900,-3435
2022-04-28,2935,10,7585,-4660
2022-04-29,2579,6,6055,-3482
2022-04-30,2107,5,6890,-4788
2022-05-01,1503,3,5839,-4339
2022-05-02,1352,5,6074,-4727
2022-05-03,922,9,5520,-4607
2022-05-04,1054,3,4107,-3056
2022-05-05,1278,2,2599,-1323
2022-05-06,1251,7,2599,-1355
2022-05-07,1372,3,3610,-2241
2022-05-08,2153,4,2869,-720
2022-05-09,2246,1,2433,-188
2022-05-10,2605,6,2014,585
2022-05-11,3321,8,1416,1897
2022-05-12,3410,4,1430,1976
2022-05-13,3029,5,1116,1908
2022-05-14,2373,5,1340,1028
2022-05-15,2239,3,1263,973
2022-05-16,1697,5,1548,144
2022-05-17,1469,3,1836,-370
2022-05-18,2017,7,2548,-538
2022-05-19,2124,3,2303,-182
2022-05-20,2063,5,2618,-560
2022-05-21,2021,3,3162,-1144
2022-05-22,1817,2,3389,-1574
2022-05-23,1544,2,2905,-1363
2022-05-24,1918,2,2124,-208
2022-05-25,2430,6,2192,232
2022-05-26,1845,3,1825,17
2022-05-27,1877,2,1680,195
2022-05-28,1645,2,1809,-166
2022-05-29,1155,5,1975,-825
2022-05-30,1325,4,1935,-614
2022-05-31,1451,7,2071,-627
2022-06-01,1809,2,1911,-104
2022-06-02,1877,2,1715,160
2022-06-03,1844,1,2005,-162
2022-06-04,1591,5,2185,-599
2022-06-05,1358,2,1620,-264
2022-06-06,1330,2,1881,-553
2022-06-07,1128,9,1547,-428
2022-06-08,1518,6,1125,387
2022-06-09,1887,3,1399,485
2022-06-10,2166,1,1488,677
2022-06-11,1709,2,1746,-39
2022-06-12,1571,1,1887,-317
2022-06-13,2092,4,1876,212
2022-06-14,1922,4,1564,354
2022-06-15,2320,5,1390,925
2022-06-16,2033,5,1337,691
2022-06-17,2130,1,1080,1049
2022-06-18,2127,1,1390,736
2022-06-19,1690,0,2108,-418
2022-06-20,2093,3,2082,8
2022-06-21,1921,2,1716,203
2022-06-22,2425,4,1550,871
2022-06-23,2796,1,2503,292
2022-06-24,2512,3,1580,929
2022-06-25,2302,0,2539,-237
2022-06-26,2003,1,1861,141
2022-06-27,1894,8,1944,-58
2022-06-28,2025,4,2367,-346
2022-06-29,2605,5,1633,967
2022-06-30,2867,2,2145,720
2022-07-01,2773,6,1984,783
2022-07-02,2527,0,2359,168
2022-07-03,2536,5,3123,-592
2022-07-04,1918,8,2321,-411
2022-07-05,2932,3,2292,637
2022-07-06,3561,5,2035,1521
2022-07-07,4020,3,1718,2299
2022-07-08,3589,6,2224,1359
2022-07-09,2799,8,2666,125
2022-07-10,3264,2,2703,559
2022-07-11,2417,5,2536,-124
2022-07-12,2345,3,2384,-42
2022-07-13,3934,9,2747,1178
2022-07-14,4098,8,2071,2019
2022-07-15,5230,8,2927,2295
2022-07-16,5047,4,3770,1273
2022-07-17,3936,7,3899,30
2022-07-18,3080,7,3399,-326
2022-07-19,3902,8,2935,959
2022-07-20,5685,8,3337,2340
2022-07-21,4587,10,2652,1925
2022-07-22,3880,14,2607,1259
2022-07-23,4816,9,3928,879
2022-07-24,2720,3,4012,-1295
2022-07-25,3300,9,5227,-1936
2022-07-26,4759,9,4806,-56
2022-07-27,4503,10,3847,646
2022-07-28,3926,4,3542,380
2022-07-29,4860,10,3836,1014
2022-07-30,4271,4,5553,-1286
2022-07-31,2783,9,4482,-1708
2022-08-01,3213,8,3847,-642
2022-08-02,4204,8,4582,-386
2022-08-03,5330,10,3075,2245
2022-08-04,4413,8,3394,1011
2022-08-05,3927,6,4949,-1028
2022-08-06,4684,11,4275,398
2022-08-07,2728,6,3856,-1134
2022-08-08,2863,6,4752,-1895
2022-08-09,3083,12,4229,-1158
2022-08-10,4896,12,2979,1905
2022-08-11,4831,10,3362,1459
2022-08-12,3943,4,4645,-706
2022-08-13,4334,10,5082,-758
2022-08-14,3045,5,4226,-1186
2022-08-15,2437,8,3658,-1229
2022-08-16,3429,9,4882,-1462
2022-08-17,3516,15,2541,960
2022-08-18,4071,7,3289,775
2022-08-19,3490,6,3193,291
2022-08-20,2798,6,4669,-1877
2022-08-21,2464,9,4427,-1972
2022-08-22,2078,10,3290,-1222
2022-08-23,2722,11,4856,-2145
2022-08-24,2636,11,3206,-581
2022-08-25,3206,8,2180,1018
2022-08-26,3118,6,3363,-251
2022-08-27,2491,5,3715,-1229
2022-08-28,2191,2,3796,-1607
2022-08-29,1946,8,3271,-1333
2022-08-30,2144,4,2549,-409
2022-08-31,2340,6,2502,-168
2022-09-01,2356,9,1875,472
2022-09-02,2328,9,2618,-299
2022-09-03,2244,9,3202,-967
2022-09-04,1904,2,3138,-1236
2022-09-05,1486,4,2897,-1415
2022-09-06,2067,6,2279,-218
2022-09-07,2428,7,2673,-252
2022-09-08,2226,8,1894,324
2022-09-09,1990,4,2016,-30
2022-09-10,1971,3,2389,-421
2022-09-11,1483,3,2090,-610
2022-09-12,1847,5,2148,-306
2022-09-13,1942,6,2276,-340
2022-09-14,2431,5,1820,606
2022-09-15,2375,3,1466,906
2022-09-16,1977,6,2018,-47
2022-09-17,1572,3,2695,-1126
2022-09-18,1639,4,2056,-421
2022-09-19,1307,5,1830,-528
2022-09-20,1667,7,2028,-368
2022-09-21,2111,6,1493,612
2022-09-22,2245,12,1901,332
2022-09-23,2070,3,2009,58
2022-09-24,1924,3,2360,-439
2022-09-25,1608,2,2352,-746
2022-09-26,1186,7,1690,-511
2022-09-27,1552,6,1684,-138
2022-09-28,2445,2,1613,830
2022-09-29,1867,4,1402,461
2022-09-30,2007,5,1407,595
2022-10-01,4878,0,7158,-2280
2022-10-02,1360,1,2271,-912
2022-10-03,1244,5,2005,-766
2022-10-04,1483,5,1852,-374
2022-10-05,1722,2,1639,81
2022-10-06,1794,4,1227,563
2022-10-07,1788,3,1509,276
2022-10-08,1627,4,2379,-756
2022-10-09,1453,2,1800,-349
2022-10-10,1241,3,1843,-605
2022-10-11,1291,3,1592,-304
2022-10-12,1628,1,1345,282
2022-10-13,2090,3,1428,659
2022-10-14,2231,5,1473,753
2022-10-15,2023,0,1699,324
2022-10-16,1712,2,1699,11
2022-10-17,1210,6,2026,-822
2022-10-18,1873,3,1515,355
2022-10-19,2295,3,1386,906
2022-10-20,2561,8,1248,1305
2022-10-21,2256,3,1363,890
2022-10-22,2618,4,1841,773
2022-10-23,2054,0,1975,79
2022-10-24,1737,3,2118,-384
2022-10-25,1743,5,1935,-197
2022-10-26,2136,6,1695,435
2022-10-27,2762,4,1271,1487
2022-10-28,3296,1,1960,1335
2022-10-29,3189,1,2541,647
2022-10-30,3129,2,2464,663
2022-10-31,2913,9,2833,71
2022-11-01,2913,3,2599,311
2022-11-02,3969,2,2696,1271
2022-11-03,4711,0,3120,1591
2022-11-04,4360,1,3429,930
2022-11-05,4621,1,3577,1043
2022-11-06,3913,5,3774,134
2022-11-07,2521,8,4695,-2182
2022-11-08,3781,9,2979,793
2022-11-09,3267,10,4026,-769
2022-11-10,3436,8,4292,-864
2022-11-11,3245,4,4208,-967
2022-11-12,2882,9,4730,-1857
2022-11-13,2234,2,3836,-1604
2022-11-14,1749,6,2564,-821
2022-11-15,2852,12,3710,-870
2022-11-16,3304,8,3045,251
2022-11-17,3457,9,3736,-288
2022-11-18,3037,5,3198,-166
2022-11-19,2450,5,3000,-555
2022-11-20,1633,2,1989,-358
2022-11-21,2121,14,1764,343
2022-11-22,2516,11,2643,-138
2022-11-23,3537,8,3319,210
2022-11-24,2877,8,3226,-357
2022-11-25,3024,8,2969,47
2022-11-26,2898,4,2789,105
2022-11-27,2022,4,1819,199
2022-11-28,2465,5,2029,431
2022-11-29,1672,10,2722,-1060
2022-11-30,1737,17,3338,-1618
2022-12-01,2375,11,2857,-493
2022-12-02,2421,9,2826,-414
2022-12-03,1866,6,2814,-954
2022-12-04,1502,3,2093,-594
2022-12-05,1576,3,2278,-705
2022-12-06,1649,16,1675,-42
2022-12-07,1682,6,1428,248
2022-12-08,1616,4,2145,-533
2022-12-09,1597,6,2596,-1005
2022-12-10,1315,5,2601,-1291
2022-12-11,867,10,1313,-456
2022-12-12,809,6,1552,-749
2022-12-13,1040,9,1456,-425
2022-12-14,1241,6,1567,-332
2022-12-15,1161,3,1562,-404
2022-12-16,1138,8,1420,-290
2022-12-17,993,5,1460,-472
2022-12-18,847,6,1154,-313
2022-12-19,721,2,914,-195
2022-12-20,816,6,940,-130
2022-12-21,984,7,1534,-557
2022-12-22,858,3,1119,-264
2022-12-23,902,6,1104,-208
2022-12-24,766,1,1026,-261
2022-12-25,609,0,737,-128
2022-12-26,480,4,655,-179
2022-12-27,423,6,834,-417
2022-12-28,480,4,957,-481
2022-12-29,679,6,923,-250
2022-12-30,583,1,930,-348
2022-12-31,513,1,833,-321
2023-01-01,420,4,547,-131
2023-01-02,360,1,423,-64
2023-01-03,333,1,376,-44
2023-01-04,433,0,500,-67
2023-01-05,571,7,696,-132
2023-01-06,543,4,688,-149
2023-01-07,571,4,551,16
2023-01-08,405,1,441,-37
2023-01-09,383,8,355,20
2023-01-10,380,9,373,-2
2023-01-11,367,9,398,-40
2023-01-12,383,4,625,-246
2023-01-13,320,3,506,-189
2023-01-14,287,0,590,-303
2023-01-15,244,0,401,-157
2023-01-16,227,6,367,-146
2023-01-17,350,5,349,-4
2023-01-18,371,4,304,63
2023-01-19,318,0,331,-13
2023-01-20,285,7,300,-22
