Date,Total cases,New cases,Total deaths,Total recovered
2020-01-22,0,0,0,0
2020-01-23,0,0,0,0
2020-01-24,0,0,0,0
2020-01-25,4,4,0,0
2020-01-26,4,0,0,0
2020-01-27,4,0,0,0
2020-01-28,7,3,0,0
2020-01-29,7,0,0,0
2020-01-30,8,1,0,0
2020-01-31,8,0,0,0
2020-02-01,8,0,0,0
2020-02-02,8,0,0,0
2020-02-03,8,0,0,0
2020-02-04,10,2,0,1
2020-02-05,12,2,0,1
2020-02-06,14,2,0,1
2020-02-07,15,1,0,1
2020-02-08,16,1,0,2
2020-02-09,17,1,0,3
2020-02-10,18,1,0,3
2020-02-11,18,0,0,3
2020-02-12,18,0,0,3
2020-02-13,19,1,0,3
2020-02-14,19,0,0,7
2020-02-15,21,2,0,7
2020-02-16,22,1,0,8
2020-02-17,22,0,0,9
2020-02-18,22,0,0,11
2020-02-19,22,0,0,15
2020-02-20,22,0,0,17
2020-02-21,22,0,0,17
2020-02-22,22,0,0,17
2020-02-23,22,0,0,18
2020-02-24,22,0,0,20
2020-02-25,22,0,0,20
2020-02-26,22,0,0,20
2020-02-27,23,1,0,22
2020-02-28,25,2,0,22
2020-02-29,25,0,0,22
2020-03-01,29,4,0,22
2020-03-02,29,0,0,22
2020-03-03,36,7,0,22
2020-03-04,50,14,0,22
2020-03-05,55,5,0,22
2020-03-06,83,28,0,23
2020-03-07,93,10,0,23
2020-03-08,99,6,0,23
2020-03-09,117,18,0,24
2020-03-10,129,12,0,24
2020-03-11,149,20,0,26
2020-03-12,158,9,0,32
2020-03-13,197,39,0,33
2020-03-14,238,41,0,35
2020-03-15,428,190,0,42
2020-03-16,553,125,0,42
2020-03-17,673,120,2,49
2020-03-18,790,117,2,60
2020-03-19,900,110,2,75
2020-03-20,1030,130,2,87
2020-03-21,1183,153,8,114
2020-03-22,1306,123,10,139
2020-03-23,1518,212,14,159
2020-03-24,1624,106,15,183
2020-03-25,1796,172,20,199
2020-03-26,2031,235,23,215
2020-03-27,2161,130,26,259
2020-03-28,2320,159,27,320
2020-03-29,2470,150,35,388
2020-03-30,2626,156,37,479
2020-03-31,2766,140,43,537
2020-04-01,2908,142,45,645
2020-04-02,3116,208,50,767
2020-04-03,3333,217,53,827
2020-04-04,3483,150,57,915
2020-04-05,3662,179,61,1005
2020-04-06,3793,131,62,1241
2020-04-07,3963,170,63,1321
2020-04-08,4119,156,65,1487
2020-04-09,4228,109,67,1608
2020-04-10,4346,118,70,1830
2020-04-11,4530,184,73,1995
2020-04-12,4683,153,76,2108
2020-04-13,4817,134,77,2276
2020-04-14,4987,170,82,2478
2020-04-15,5072,85,83,2647
2020-04-16,5182,110,84,2766
2020-04-17,5251,69,86,2967
2020-04-18,5305,54,88,3102
2020-04-19,5389,84,89,3197
2020-04-20,5425,36,89,3295
2020-04-21,5482,57,92,3349
2020-04-22,5532,50,93,3452
2020-04-23,5603,71,95,3542
2020-04-24,5691,88,96,3663
2020-04-25,5742,51,98,3762
2020-04-26,5780,38,98,3862
2020-04-27,5820,40,99,3957
2020-04-28,5851,31,100,4032
2020-04-29,5945,94,100,4087
2020-04-30,6002,57,102,4171
2020-05-01,6071,69,103,4210
2020-05-02,6176,105,103,4326
2020-05-03,6298,122,105,4413
2020-05-04,6353,55,105,4484
2020-05-05,6383,30,106,4567
2020-05-06,6428,45,107,4702
2020-05-07,6467,39,107,4776
2020-05-08,6535,68,107,4864
2020-05-09,6589,54,108,4929
2020-05-10,6656,67,108,5025
2020-05-11,6726,70,109,5113
2020-05-12,6742,16,109,5223
2020-05-13,6779,37,111,5281
2020-05-14,6819,40,112,5351
2020-05-15,6855,36,112,5439
2020-05-16,6872,17,113,5512
2020-05-17,6894,22,113,5571
2020-05-18,6941,47,113,5615
2020-05-19,6978,37,114,5646
2020-05-20,7009,31,114,5706
2020-05-21,7059,50,114,5796
2020-05-22,7137,78,115,5859
2020-05-23,7185,48,115,5912
2020-05-24,7245,60,115,5945
2020-05-25,7417,172,115,5979
2020-05-26,7604,187,115,6041
2020-05-27,7619,15,115,6083
2020-05-28,7629,10,115,6169
2020-05-29,7732,103,115,6235
2020-05-30,7762,30,115,6330
2020-05-31,7819,57,115,6353
2020-06-01,7857,38,115,6404
2020-06-02,7877,20,115,6470
2020-06-03,7970,93,115,6531
2020-06-04,8247,277,115,6559
2020-06-05,8266,19,116,6610
2020-06-06,8303,37,117,6635
2020-06-07,8322,19,117,6674
2020-06-08,8329,7,117,6694
2020-06-09,8336,7,117,6975
2020-06-10,8338,2,118,7014
2020-06-11,8369,31,118,7065
2020-06-12,8402,33,119,7168
2020-06-13,8445,43,120,7311
2020-06-14,8453,8,121,7346
2020-06-15,8494,41,121,7400
2020-06-16,8505,11,121,7733
2020-06-17,8515,10,121,7873
2020-06-18,8529,14,121,8000
2020-06-19,8535,6,121,8070
2020-06-20,8556,21,121,8146
2020-06-21,8572,16,121,8156
2020-06-22,8587,15,121,8177
2020-06-23,8590,3,121,8186
2020-06-24,8596,6,121,8231
2020-06-25,8600,4,121,8271
2020-06-26,8606,6,121,8294
2020-06-27,8616,10,121,8308
2020-06-28,8634,18,121,8318
2020-06-29,8637,3,121,8334
2020-06-30,8639,2,121,8354
2020-07-01,8640,1,121,8375
2020-07-02,8643,3,121,8437
2020-07-03,8648,5,121,8446
2020-07-04,8658,10,121,8461
2020-07-05,8663,5,121,8465
2020-07-06,8668,5,121,8476
2020-07-07,8674,6,121,8481
2020-07-08,8677,3,121,8486
2020-07-09,8683,6,121,8499
2020-07-10,8696,13,121,8511
2020-07-11,8704,8,122,8515
2020-07-12,8718,14,122,8519
2020-07-13,8725,7,122,8520
2020-07-14,8729,4,122,8524
2020-07-15,8734,5,122,8526
2020-07-16,8737,3,122,8538
2020-07-17,8755,18,122,8541
2020-07-18,8764,9,122,8546
2020-07-19,8779,15,123,8553
2020-07-20,8800,21,123,8555
2020-07-21,8815,15,123,8562
2020-07-22,8831,16,123,8566
2020-07-23,8840,9,123,8574
2020-07-24,8861,21,123,8577
2020-07-25,8884,23,123,8594
2020-07-26,8897,13,124,8600
2020-07-27,8904,7,124,8601
2020-07-28,8943,39,124,8607
2020-07-29,8956,13,124,8612
2020-07-30,8964,8,124,8617
2020-07-31,8976,12,125,8644
2020-08-01,8985,9,125,8647
2020-08-02,8999,14,125,8664
2020-08-03,9001,2,125,8668
2020-08-04,9002,1,125,8684
2020-08-05,9023,21,125,8702
2020-08-06,9038,15,125,8713
2020-08-07,9063,25,125,8728
2020-08-08,9070,7,125,8775
2020-08-09,9083,13,125,8784
2020-08-10,9094,11,125,8803
2020-08-11,9103,9,125,8809
2020-08-12,9114,11,125,8817
2020-08-13,9129,15,125,8821
2020-08-14,9149,20,125,8828
2020-08-15,9175,26,125,8831
2020-08-16,9200,25,125,8859
2020-08-17,9212,12,125,8876
2020-08-18,9219,7,125,8902
2020-08-19,9235,16,125,8925
2020-08-20,9240,5,125,8932
2020-08-21,9249,9,125,8945
2020-08-22,9257,8,125,8949
2020-08-23,9267,10,125,8959
2020-08-24,9274,7,125,8965
2020-08-25,9285,11,125,8971
2020-08-26,9291,6,125,8978
2020-08-27,9296,5,125,8994
2020-08-28,9306,10,125,9030
2020-08-29,9317,11,125,9038
2020-08-30,9334,17,126,9048
2020-08-31,9340,6,127,9054
2020-09-01,9354,14,128,9075
2020-09-02,9360,6,128,9079
2020-09-03,9374,14,128,9083
2020-09-04,9385,11,128,9092
2020-09-05,9391,6,128,9113
2020-09-06,9397,6,128,9115
2020-09-07,9459,62,128,9124
2020-09-08,9559,100,128,9136
2020-09-09,9583,24,128,9143
2020-09-10,9628,45,128,9167
2020-09-11,9810,182,128,9181
2020-09-12,9868,58,128,9189
2020-09-13,9915,47,128,9196
2020-09-14,9946,31,128,9203
2020-09-15,9969,23,128,9209
2020-09-16,10031,62,128,9235
2020-09-17,10052,21,128,9250
2020-09-18,10147,95,129,9264
2020-09-19,10167,20,130,9315
2020-09-20,10219,52,130,9355
2020-09-21,10276,57,130,9395
2020-09-22,10358,82,130,9563
2020-09-23,10505,147,133,9602
2020-09-24,10576,71,133,9666
2020-09-25,10687,111,133,9696
2020-09-26,10769,82,133,9785
2020-09-27,10919,150,134,9835
2020-09-28,11034,115,134,9889
2020-09-29,11135,101,134,9939
2020-09-30,11224,89,136,9967
2020-10-01,11484,260,136,10014
2020-10-02,11771,287,136,10095
2020-10-03,12088,317,137,10216
2020-10-04,12381,293,137,10283
2020-10-05,12813,432,137,10340
2020-10-06,13504,691,141,10427
2020-10-07,13993,489,141,10501
2020-10-08,14368,375,146,10519
2020-10-09,14722,354,152,10707
2020-10-10,15096,374,155,10780
2020-10-11,15657,561,157,10913
2020-10-12,16220,563,159,11022
2020-10-13,16880,660,163,11372
2020-10-14,17540,660,167,11605
2020-10-15,18129,589,170,12014
2020-10-16,18758,629,176,12259
2020-10-17,19627,869,180,12561
2020-10-18,20498,871,187,13262
2020-10-19,21363,865,190,13717
2020-10-20,22225,862,193,14351
2020-10-21,22957,732,199,14931
2020-10-22,23804,847,204,15417
2020-10-23,24514,710,214,15884
2020-10-24,25742,1228,221,16555
2020-10-25,26565,823,229,17134
2020-10-26,27805,1240,236,17825
2020-10-27,28640,835,238,18499
2020-10-28,29441,801,246,19072
2020-10-29,30090,649,246,19757
2020-10-30,30889,799,249,20248
2020-10-31,31548,659,249,21248
2020-11-01,32505,957,249,22220
2020-11-02,33339,834,251,23120
2020-11-03,34393,1054,263,23995
2020-11-04,35425,1032,271,24815
2020-11-05,36434,1009,277,25654
2020-11-06,38189,1755,279,26380
2020-11-07,39357,1168,282,27409
2020-11-08,40209,852,286,28234
2020-11-09,41181,972,294,29579
2020-11-10,42050,869,300,30304
2020-11-11,42872,822,302,31073
2020-11-12,43791,919,303,32069
2020-11-13,45095,1304,304,32969
2020-11-14,46209,1114,306,33772
2020-11-15,47417,1208,309,34785
2020-11-16,48520,1103,313,35606
2020-11-17,49730,1210,318,36624
2020-11-18,50390,660,322,37254
2020-11-19,51680,1290,326,38132
2020-11-20,52638,958,329,39088
2020-11-21,53679,1041,332,40493
2020-11-22,54775,1096,335,41597
2020-11-23,56659,1884,337,42480
2020-11-24,58847,2188,341,44153
2020-11-25,59817,970,345,46501
2020-11-26,60752,935,348,49056
2020-11-27,61861,1109,350,50204
2020-11-28,63176,1315,354,51314
2020-11-29,64485,1309,357,52647
2020-11-30,65697,1212,360,54759
2020-12-01,67169,1472,363,56311
2020-12-02,68020,851,365,56969
2020-12-03,69095,1075,376,57917
2020-12-04,70236,1141,376,59061
2020-12-05,71359,1123,380,60204
2020-12-06,72694,1335,382,61273
2020-12-07,74294,1600,384,62306
2020-12-08,75306,1012,388,64056
2020-12-09,76265,959,393,65124
2020-12-10,78499,2234,396,66236
2020-12-11,80309,1810,402,67173
2020-12-12,82246,1937,411,68084
2020-12-13,83475,1229,415,69393
2020-12-14,84846,1371,419,70597
2020-12-15,86618,1772,422,71681
2020-12-16,87913,1295,429,72733
2020-12-17,89133,1220,432,74030
2020-12-18,90816,1683,432,75244
2020-12-19,91969,1153,433,76242
2020-12-20,93309,1340,437,77309
2020-12-21,95327,2018,438,78393
2020-12-22,97389,2062,439,79304
2020-12-23,98737,1348,444,80014
2020-12-24,100318,1581,446,81099
2020-12-25,101565,1247,449,82540
2020-12-26,103900,2335,451,83414
2020-12-27,105096,1196,452,84411
2020-12-28,106690,1594,455,85592
2020-12-29,108615,1925,457,86715
2020-12-30,110485,1870,463,87460
2020-12-31,113010,2525,471,88941
2021-01-01,115078,2068,474,91171
2021-01-02,117373,2295,483,94492
2021-01-03,119077,1704,494,97218
2021-01-04,120818,1741,501,98228
2021-01-05,122845,2027,509,99449
2021-01-06,125438,2593,513,100578
2021-01-07,128465,3027,521,102723
2021-01-08,131108,2643,537,105431
2021-01-09,133559,2451,542,106832
2021-01-10,135992,2433,551,108109
2021-01-11,138224,2232,555,109115
2021-01-12,141533,3309,559,110584
2021-01-13,144518,2985,563,111578
2021-01-14,147855,3337,578,113288
2021-01-15,151066,3211,586,115227
2021-01-16,155095,4029,594,117375
2021-01-17,158434,3339,601,120051
2021-01-18,161740,3306,605,122344
2021-01-19,165371,3631,619,125288
2021-01-20,169379,4008,630,127662
2021-01-21,172549,3170,642,130152
2021-01-22,176180,3631,660,132706
2021-01-23,180455,4275,667,137019
2021-01-24,183801,3346,678,141446
2021-01-25,186849,3048,689,145084
2021-01-26,190434,3585,700,149160
2021-01-27,194114,3680,707,151018
2021-01-28,198208,4094,717,154299
2021-01-29,203933,5725,733,157722
2021-01-30,209661,5728,746,161527
2021-01-31,214959,5298,760,166049
2021-02-01,219173,4214,770,170329
2021-02-02,222628,3455,791,173990
2021-02-03,226912,4284,809,177794
2021-02-04,231483,4571,826,181886
2021-02-05,234874,3391,845,185278
2021-02-06,238721,3847,857,186970
2021-02-07,242452,3731,872,190339
2021-02-08,245552,3100,896,192679
2021-02-09,248316,2764,909,196566
2021-02-10,251604,3288,923,198495
2021-02-11,254988,3384,936,202269
2021-02-12,258306,3318,953,205774
2021-02-13,261805,3499,958,209289
2021-02-14,264269,2464,965,213814
2021-02-15,266445,2176,975,218335
2021-02-16,269165,2720,983,224053
2021-02-17,272163,2998,1005,229762
2021-02-18,274875,2712,1030,235082
2021-02-19,277811,2936,1043,239971
2021-02-20,280272,2461,1051,244753
2021-02-21,283569,3297,1056,249209
2021-02-22,285761,2192,1062,252623
2021-02-23,288229,2468,1076,256678
2021-02-24,291774,3545,1088,260009
2021-02-25,293698,1924,1100,263761
2021-02-26,295951,2253,1111,266846
2021-02-27,298315,2364,1121,270166
2021-02-28,300752,2437,1130,273417
2021-03-01,302580,1828,1135,275903
2021-03-02,304135,1555,1141,278431
2021-03-03,305880,1745,1148,280707
2021-03-04,307943,2063,1153,283629
2021-03-05,310097,2154,1159,286904
2021-03-06,311777,1680,1166,289452
2021-03-07,313460,1683,1169,291958
2021-03-08,314989,1529,1177,294034
2021-03-09,316269,1280,1186,296379
2021-03-10,317717,1448,1191,298516
2021-03-11,319364,1647,1200,300620
2021-03-12,320939,1575,1203,302662
2021-03-13,322409,1470,1206,304492
2021-03-14,323763,1354,1210,306274
2021-03-15,324971,1208,1213,308247
2021-03-16,326034,1063,1218,309612
2021-03-17,327253,1219,1220,310958
2021-03-18,328466,1213,1223,312461
2021-03-19,330042,1576,1225,314457
2021-03-20,331713,1671,1229,316042
2021-03-21,333040,1327,1233,317289
2021-03-22,334156,1116,1238,318784
2021-03-23,335540,1384,1244,319842
2021-03-24,336808,1268,1246,320925
2021-03-25,338168,1360,1248,322416
2021-03-26,339443,1275,1249,323925
2021-03-27,340642,1199,1251,325182
2021-03-28,341944,1302,1255,326309
2021-03-29,342885,941,1260,327406
2021-03-30,344018,1133,1265,328554
2021-03-31,345500,1482,1272,329624
2021-04-01,346678,1178,1278,331001
2021-04-02,347972,1294,1283,332443
2021-04-03,349610,1638,1286,333892
2021-04-04,350959,1349,1288,335162
2021-04-05,352029,1070,1295,336456
2021-04-06,353329,1300,1300,337868
2021-04-07,354468,1139,1304,339067
2021-04-08,355753,1285,1308,340242
2021-04-09,357607,1854,1313,341489
2021-04-10,359117,1510,1321,342737
2021-04-11,360856,1739,1329,343953
2021-04-12,362173,1317,1333,345005
2021-04-13,363940,1767,1345,346295
2021-04-14,365829,1889,1353,347780
2021-04-15,367977,2148,1363,349039
2021-04-16,370528,2551,1365,350563
2021-04-17,372859,2331,1370,352395
2021-04-18,375054,2195,1378,353822
2021-04-19,377132,2078,1386,355224
2021-04-20,379473,2341,1389,356816
2021-04-21,381813,2340,1400,358726
2021-04-22,384688,2875,1407,361267
2021-04-23,387535,2847,1415,363608
2021-04-24,390252,2717,1426,365900
2021-04-25,392942,2690,1436,367753
2021-04-26,395718,2776,1449,369556
2021-04-27,398451,2733,1462,371575
2021-04-28,401593,3142,1477,373397
2021-04-29,404925,3332,1492,375340
2021-04-30,408713,3788,1506,377980
2021-05-01,411594,2881,1521,380442
2021-05-02,415012,3418,1533,383140
2021-05-03,417512,2500,1551,385208
2021-05-04,420632,3120,1574,387542
2021-05-05,424376,3744,1591,389846
2021-05-06,427927,3551,1610,392555
2021-05-07,432425,4498,1632,396004
2021-05-08,436944,4519,1657,398723
2021-05-09,440677,3733,1683,401934
2021-05-10,444484,3807,1700,405388
2021-05-11,448457,3973,1722,408236
2021-05-12,453222,4765,1761,411360
2021-05-13,458077,4855,1788,414707
2021-05-14,462190,4113,1822,418897
2021-05-15,466330,4140,1866,422329
2021-05-16,470110,3780,1902,426319
2021-05-17,474556,4446,1947,429103
2021-05-18,479421,4865,1994,432600
2021-05-19,485496,6075,2040,436116
2021-05-20,492302,6806,2099,440032
2021-05-21,498795,6493,2149,444540
2021-05-22,505115,6320,2199,449234
2021-05-23,512091,6976,2248,452821
2021-05-24,518600,6509,2309,456273
2021-05-25,525889,7289,2369,460062
2021-05-26,533367,7478,2432,464727
2021-05-27,541224,7857,2491,469325
2021-05-28,549514,8290,2552,474139
2021-05-29,558534,9020,2650,479666
2021-05-30,565533,6999,2729,484787
2021-05-31,572357,6824,2796,490038
2021-06-01,579462,7105,2867,496121
2021-06-02,587165,7703,2993,501898
2021-06-03,595374,8209,3096,508947
2021-06-04,603122,7748,3182,515571
2021-06-05,610574,7452,3291,521676
2021-06-06,616815,6241,3378,526809
2021-06-07,622086,5271,3460,534357
2021-06-08,627652,5566,3536,541319
2021-06-09,633891,6239,3611,548705
2021-06-10,639562,5671,3684,556030
2021-06-11,646411,6849,3768,563779
2021-06-12,652204,5793,3844,572113
2021-06-13,657508,5304,3908,580276
2021-06-14,662457,4949,3968,586864
2021-06-15,667876,5419,4069,593695
2021-06-16,673026,5150,4142,600935
2021-06-17,678764,5738,4202,608465
2021-06-18,685204,6440,4276,615326
2021-06-19,691115,5911,4348,622244
2021-06-20,696408,5293,4408,628185
2021-06-21,701019,4611,4477,633624
2021-06-22,705762,4743,4554,639181
2021-06-23,711006,5244,4637,645553
2021-06-24,716847,5841,4721,650964
2021-06-25,722659,5812,4803,657739
2021-06-26,728462,5803,4884,662932
2021-06-27,734048,5586,4944,667709
2021-06-28,739266,5218,5001,672453
2021-06-29,745703,6437,5108,677751
2021-06-30,751979,6276,5170,682680
2021-07-01,758967,6988,5254,688260
2021-07-02,765949,6982,5327,694538
2021-07-03,772607,6658,5434,700215
2021-07-04,778652,6045,5497,705486
2021-07-05,785039,6387,5574,710018
2021-07-06,792693,7654,5677,714815
2021-07-07,799790,7097,5768,719678
2021-07-08,808658,8868,5903,725480
2021-07-09,817838,9180,5980,731193
2021-07-10,827191,9353,6067,737103
2021-07-11,836296,9105,6158,742297
2021-07-12,844870,8574,6260,747338
2021-07-13,855949,11079,6385,753328
2021-07-14,867567,11618,6503,759705
2021-07-15,880782,13215,6613,765800
2021-07-16,893323,12541,6728,772542
2021-07-17,905851,12528,6866,779171
2021-07-18,916561,10710,7019,784949
2021-07-19,927533,10972,7148,791388
2021-07-20,939899,12366,7241,798955
2021-07-21,951884,11985,7440,806857
2021-07-22,964918,13034,7574,815293
2021-07-23,980491,15573,7718,825387
2021-07-24,996393,15902,7902,834858
2021-07-25,1013438,17045,7994,844541
2021-07-26,1027954,14516,8201,853913
2021-07-27,1044071,16117,8408,865439
2021-07-28,1061476,17405,8551,877812
2021-07-29,1078646,17170,8725,890742
2021-07-30,1095486,16840,8859,902921
2021-07-31,1113272,17786,9024,914639
2021-08-01,1130422,17150,9184,925965
2021-08-02,1146186,15764,9403,937732
2021-08-03,1163291,17105,9598,950029
2021-08-04,1183110,19819,9855,962733
2021-08-05,1203706,20596,10019,976626
2021-08-06,1224595,20889,10179,993020
2021-08-07,1243852,19257,10389,1009343
2021-08-08,1262540,18688,10749,1026398
2021-08-09,1279776,17236,10961,1041585
2021-08-10,1299767,19991,11162,1057843
2021-08-11,1320547,20780,11373,1075816
2021-08-12,1342215,21668,11691,1093503
2021-08-13,1363683,21468,11968,1110528
2021-08-14,1384353,20670,12228,1128183
2021-08-15,1404899,20546,12510,1145128
2021-08-16,1424639,19740,12784,1162578
2021-08-17,1444270,19631,13077,1179046
2021-08-18,1466512,22242,13302,1198726
2021-08-19,1489460,22948,13480,1220446
2021-08-20,1513024,23564,13713,1241894
2021-08-21,1535286,22262,13936,1260470
2021-08-22,1555093,19807,14168,1278670
2021-08-23,1572765,17672,14342,1297723
2021-08-24,1593602,20837,14553,1316336
2021-08-25,1616244,22642,14818,1337134
2021-08-26,1640843,24599,15211,1359791
2021-08-27,1662913,22070,15550,1381668
2021-08-28,1685510,22597,15802,1401160
2021-08-29,1706089,20579,16087,1422005
2021-08-30,1725357,19268,16382,1443262
2021-08-31,1746254,20897,16664,1461727
2021-09-01,1765016,18762,16942,1482800
2021-09-02,1786004,20988,17191,1506273
2021-09-03,1805382,19378,17521,1528672
2021-09-04,1824439,19057,17883,1550254
2021-09-05,1844835,20396,18219,1570827
2021-09-06,1862187,17352,18491,1591028
2021-09-07,1880734,18547,18802,1609930
2021-09-08,1900467,19733,19163,1632631
2021-09-09,1919774,19307,19486,1657486
2021-09-10,1940950,21176,19827,1678962
2021-09-11,1960500,19550,20419,1700733
2021-09-12,1979698,19198,20711,1721713
2021-09-13,1995771,16073,21124,1746526
2021-09-14,2011440,15669,21587,1764579
2021-09-15,2030935,19495,22009,1783339
2021-09-16,2049750,18815,22355,1800278
2021-09-17,2067327,17577,22743,1823248
2021-09-18,2082876,15549,23067,1840453
2021-09-19,2097830,14954,23443,1863922
2021-09-20,2112175,14345,23744,1880736
2021-09-21,2127934,15759,24078,1897386
2021-09-22,2142924,14990,24565,1917088
2021-09-23,2156678,13754,24681,1933716
2021-09-24,2171232,14554,24931,1950467
2021-09-25,2185131,13899,25159,1968541
2021-09-26,2198235,13104,25437,1989512
2021-09-27,2209194,10959,25695,2005942
2021-09-28,2220526,11332,25935,2020102
2021-09-29,2232960,12434,26143,2037102
2021-09-30,2245695,12735,26335,2054827
2021-10-01,2257584,11889,26456,2070718
2021-10-02,2268499,10915,26565,2086114
2021-10-03,2277565,9066,26683,2100568
2021-10-04,2285640,8075,26759,2116024
2021-10-05,2294457,8817,26876,2131639
2021-10-06,2303837,9380,26981,2144684
2021-10-07,2313727,9890,27113,2157568
2021-10-08,2323478,9751,27191,2170292
2021-10-09,2332221,8743,27265,2184714
2021-10-10,2339594,7373,27329,2195673
2021-10-11,2346303,6709,27422,2206506
2021-10-12,2353579,7276,27525,2217061
2021-10-13,2361529,7950,27593,2227893
2021-10-14,2369613,8084,27681,2240349
2021-10-15,2377033,7420,27770,2251762
2021-10-16,2384542,7509,27858,2261293
2021-10-17,2390687,6145,27921,2270524
2021-10-18,2396121,5434,27993,2278959
2021-10-19,2401866,5745,28062,2287892
2021-10-20,2407382,5516,28138,2297293
2021-10-21,2413592,6210,28234,2297293
2021-10-22,2420222,6630,28312,2304923
2021-10-23,2426050,5828,28354,2314101
2021-10-24,2431716,5666,28400,2321079
2021-10-25,2436498,4782,28492,2328493
2021-10-26,2442224,5726,28576,2334100
2021-10-27,2448372,6148,28674,2341695
2021-10-28,2454749,6377,28769,2348332
2021-10-29,2460809,6060,28832,2355629
2021-10-30,2466663,5854,28876,2362344
2021-10-31,2471642,4979,28912,2368471
2021-11-01,2476268,4626,28975,2373770
2021-11-02,2481339,5071,29045,2379142
2021-11-03,2486630,5291,29091,2384089
2021-11-04,2492343,5713,29155,2389954
2021-11-05,2497265,4922,29202,2395533
2021-11-06,2501966,4701,29256,2400915
2021-11-07,2506309,4343,29291,2406105
2021-11-08,2510852,4543,29349,2413453
2021-11-09,2516255,5403,29427,2418764
2021-11-10,2522498,6243,29486,2423832
2021-11-11,2528821,6323,29535,2429169
2021-11-12,2535338,6517,29576,2435195
2021-11-13,2541147,5809,29631,2439907
2021-11-14,2546309,5162,29676,2444926
2021-11-15,2551452,5143,29729,2449477
2021-11-16,2556865,5413,29769,2455490
2021-11-17,2563153,6288,29837,2460233
2021-11-18,2569533,6380,29892,2465993
2021-11-19,2575888,6355,29937,2471024
2021-11-20,2581747,5859,29975,2475994
2021-11-21,2586601,4854,29999,2481519
2021-11-22,2591486,4885,30062,2487147
2021-11-23,2597080,5594,30109,2492055
2021-11-24,2602835,5755,30146,2497137
2021-11-25,2608979,6144,30194,2503739
2021-11-26,2614480,5501,30239,2510403
2021-11-27,2619577,5097,30279,2515755
2021-11-28,2623816,4239,30308,2520762
2021-11-29,2627903,4087,30369,2525746
2021-11-30,2632782,4879,30424,2530914
2021-12-01,2638221,5439,30473,2537717
2021-12-02,2644027,5806,30520,2544963
2021-12-03,2649578,5551,30537,2550264
2021-12-04,2654474,4896,30573,2554942
2021-12-05,2658772,4298,30613,2559871
2021-12-06,2663034,4262,30651,2565765
2021-12-07,2667999,4965,30717,2570582
2021-12-08,2673019,5020,30745,2575107
2021-12-09,2678465,5446,30786,2580534
2021-12-10,2683523,5058,30830,2585531
2021-12-11,2688149,4626,30861,2590221
2021-12-12,2691639,3490,30878,2595620
2021-12-13,2695143,3504,30907,2600021
2021-12-14,2699240,4097,30955,2604322
2021-12-15,2703140,3900,30988,2608874
2021-12-16,2707402,4262,31025,2613859
2021-12-17,2711764,4362,31043,2618957
2021-12-18,2715847,4083,31072,2624392
2021-12-19,2718955,3108,31091,2628093
2021-12-20,2721544,2589,31134,2631903
2021-12-21,2724684,3140,31191,2636181
2021-12-22,2728203,3519,31220,2641299
2021-12-23,2731713,3510,31264,2646297
2021-12-24,2735241,3528,31289,2650786
2021-12-25,2738401,3160,31314,2655207
2021-12-26,2741179,2778,31333,2658746
2021-12-27,2743936,2757,31368,2663366
2021-12-28,2746833,2897,31391,2666800
2021-12-29,2750516,3683,31427,2671122
2021-12-30,2754513,3997,31461,2675106
2021-12-31,2758086,3573,31486,2679094
2022-01-01,2761472,3386,31512,2682641
2022-01-02,2764354,2882,31531,2685932
2022-01-03,2767044,2690,31559,2689467
2022-01-04,2769886,2842,31590,2692329
2022-01-05,2773156,3270,31608,2695524
2022-01-06,2776699,3543,31627,2699008
2022-01-07,2780080,3381,31643,2702455
2022-01-08,2783331,3251,31654,2705616
2022-01-09,2786219,2888,31677,2708330
2022-01-10,2788860,2641,31695,2711138
2022-01-11,2792035,3175,31722,2714115
2022-01-12,2795233,3198,31737,2717315
2022-01-13,2798917,3684,31749,2720607
2022-01-14,2802263,3346,31761,2723659
2022-01-15,2805337,3074,31780,2726487
2022-01-16,2808347,3010,31792,2729071
2022-01-17,2810689,2342,31808,2731978
2022-01-18,2813934,3245,31817,2735071
2022-01-19,2817163,3229,31830,2737919
2022-01-20,2820927,3764,31852,2741173
2022-01-21,2824973,4046,31868,2743977
2022-01-22,2829089,4116,31882,2746835
2022-01-23,2832945,3856,31891,2749649
2022-01-24,2836159,3214,31901,2752765
2022-01-25,2840225,4066,31917,2756324
2022-01-26,2844969,4744,31929,2759970
2022-01-27,2850408,5439,31939,2764379
2022-01-28,2855930,5522,31951,2767664
2022-01-29,2861069,5139,31956,2771431
2022-01-30,2865984,4915,31964,2774487
2022-01-31,2870758,4774,31977,2777719
2022-02-01,2876324,5566,31984,2780906
2022-02-02,2882060,5736,31991,2784102
2022-02-03,2887780,5720,31999,2788070
2022-02-04,2895014,7234,32010,2793324
2022-02-05,2904131,9117,32024,2799870
2022-02-06,2914220,10089,32033,2806330
2022-02-07,2925254,11034,32042,2812366
2022-02-08,2939198,13944,32055,2817787
2022-02-09,2956332,17134,32064,2823468
2022-02-10,2975422,19090,32074,2829180
2022-02-11,2996361,20939,32098,2834987
2022-02-12,3019163,22802,32113,2840429
2022-02-13,3040235,21072,32124,2846153
2022-02-14,3061550,21315,32148,2854670
2022-02-15,3083683,22133,32179,2862254
2022-02-16,3111514,27831,32200,2870166
2022-02-17,3138215,26701,32239,2881910
2022-02-18,3166023,27808,32275,2894398
2022-02-19,3194848,28825,32309,2912912
2022-02-20,3221680,26832,32346,2931371
2022-02-21,3246779,25099,32389,2949120
2022-02-22,3273958,27179,32432,2968157
2022-02-23,3305157,31199,32487,2988556
2022-02-24,3337227,32070,32533,3011888
2022-02-25,3367871,30644,32590,3034566
2022-02-26,3395170,27299,32633,3057276
2022-02-27,3419636,24466,32673,3079986
2022-02-28,3442736,23100,32748,3110610
2022-03-01,3468590,25854,32826,3136158
2022-03-02,3496090,27500,32941,3136158
2022-03-03,3528557,32467,33027,3163787
2022-03-04,3561766,33209,33105,3190139
2022-03-05,3595172,33406,33172,3217282
2022-03-06,3622607,27435,33227,3247617
2022-03-07,3649463,26856,33304,3278343
2022-03-08,3680953,31490,33383,3307378
2022-03-09,3711199,30246,33496,3334031
2022-03-10,3741986,30787,33566,3360488
2022-03-11,3774786,32800,33642,3384932
2022-03-12,3801036,26250,33719,3410021
2022-03-13,3823571,22535,33806,3435377
2022-03-14,3845601,22030,33898,3469249
2022-03-15,3872135,26534,33993,3500483
2022-03-16,3900433,28298,34098,3533492
2022-03-17,3927437,27004,34184,3562942
2022-03-18,3951678,24241,34243,3589557
2022-03-19,3974019,22341,34328,3622904
2022-03-20,3993124,19105,34399,3651154
2022-03-21,4010952,17828,34462,3679157
2022-03-22,4032435,21483,34535,3711718
2022-03-23,4054926,22491,34600,3737952
2022-03-24,4079242,24316,34664,3763464
2022-03-25,4101081,21839,34716,3763464
2022-03-26,4122004,20923,34750,3788931
2022-03-27,4138867,16863,34787,3815102
2022-03-28,4152203,13336,34841,3840654
2022-03-29,4167418,15215,34905,3840654
2022-03-30,4183359,15941,34938,3861840
2022-03-31,4201919,18560,34982,3880093
2022-04-01,4219395,17476,35012,3897414
2022-04-02,4234087,14692,35068,3917797
2022-04-03,4246467,12380,35098,3938432
2022-04-04,4256469,10002,35126,3961734
2022-04-05,4268486,12017,35159,3982165
2022-04-06,4280591,12105,35191,4003194
2022-04-07,4292585,11994,35227,4019797
2022-04-08,4307529,14944,35258,4033842
2022-04-09,4317706,10177,35279,4048974
2022-04-10,4325818,8112,35291,4064739
2022-04-11,4333557,7739,35310,4083788
2022-04-12,4342559,9002,35340,4100774
2022-04-13,4352611,10052,35362,4116667
2022-04-14,4363024,10413,35380,4129869
2022-04-15,4372697,9673,35396,4144136
2022-04-16,4382402,9705,35408,4158482
2022-04-17,4389025,6623,35420,4169715
2022-04-18,4396165,7140,35436,4184138
2022-04-19,4402234,6069,35448,4194757
2022-04-20,4409202,6968,35464,4203024
2022-04-21,4415101,5899,35469,4211458
2022-04-22,4421443,6342,35481,4220569
2022-04-23,4427067,5624,35490,4230610
2022-04-24,4431073,4006,35498,4240833
2022-04-25,4433551,2478,35506,4250048
2022-04-26,4436912,3361,35519,4259532
2022-04-27,4440383,3471,35525,4266432
2022-04-28,4443318,2935,35535,4274017
2022-04-29,4445897,2579,35541,4280072
2022-04-30,4448004,2107,35546,4286962
2022-05-01,4449507,1503,35549,4292801
2022-05-02,4450859,1352,35554,4298875
2022-05-03,4451781,922,35563,4304395
2022-05-04,4452835,1054,35566,4308502
2022-05-05,4454113,1278,35568,4311101
2022-05-06,4455364,1251,35575,4313700
2022-05-07,4456736,1372,35578,4317310
2022-05-08,4458889,2153,35582,4320179
2022-05-09,4461135,2246,35583,4322612
2022-05-10,4463740,2605,35589,4324626
2022-05-11,4467061,3321,35597,4326042
2022-05-12,4470471,3410,35601,4327472
2022-05-13,4473500,3029,35606,4328588
2022-05-14,4475873,2373,35611,4329928
2022-05-15,4478112,2239,35614,4331191
2022-05-16,4479809,1697,35619,4332739
2022-05-17,4481278,1469,35622,4334575
2022-05-18,4483295,2017,35629,4337123
2022-05-19,4485419,2124,35632,4339426
2022-05-20,4487482,2063,35637,4342044
2022-05-21,4489503,2021,35640,4345206
2022-05-22,4491320,1817,35642,4348595
2022-05-23,4492864,1544,35644,4351500
2022-05-24,4494782,1918,35646,4353624
2022-05-25,4497212,2430,35652,4355816
2022-05-26,4499057,1845,35655,4357641
2022-05-27,4500934,1877,35657,4359321
2022-05-28,4502579,1645,35659,4361130
2022-05-29,4503734,1155,35664,4363105
2022-05-30,4505059,1325,35668,4365040
2022-05-31,4506510,1451,35675,4367111
2022-06-01,4508319,1809,35677,4369022
2022-06-02,4510196,1877,35679,4370737
2022-06-03,4512040,1844,35680,4372742
2022-06-04,4513631,1591,35685,4374927
2022-06-05,4514989,1358,35687,4376547
2022-06-06,4516319,1330,35689,4378428
2022-06-07,4517447,1128,35698,4379975
2022-06-08,4518965,1518,35704,4381100
2022-06-09,4520852,1887,35707,4382499
2022-06-10,4523018,2166,35708,4383987
2022-06-11,4524727,1709,35710,4385733
2022-06-12,4526298,1571,35711,4387620
2022-06-13,4528390,2092,35715,4389496
2022-06-14,4530312,1922,35719,4391060
2022-06-15,4532632,2320,35724,4392450
2022-06-16,4534665,2033,35729,4393787
2022-06-17,4536795,2130,35730,4394867
2022-06-18,4538922,2127,35731,4396257
2022-06-19,4540612,1690,35731,4398365
2022-06-20,4542705,2093,35734,4400447
2022-06-21,4544626,1921,35736,4402163
2022-06-22,4547051,2425,35740,4403713
2022-06-23,4549847,2796,35741,4406216
2022-06-24,4552359,2512,35744,4407796
2022-06-25,4554661,2302,35744,4410335
2022-06-26,4556664,2003,35745,4412196
2022-06-27,4558558,1894,35753,4414140
2022-06-28,4560583,2025,35757,4416507
2022-06-29,4563188,2605,35762,4418140
2022-06-30,4566055,2867,35764,4420285
2022-07-01,4568828,2773,35770,4422269
2022-07-02,4571355,2527,35770,4424628
2022-07-03,4573891,2536,35775,4427751
2022-07-04,4575809,1918,35783,4430072
2022-07-05,4578741,2932,35786,4432364
2022-07-06,4582302,3561,35791,4434399
2022-07-07,4586322,4020,35794,4436117
2022-07-08,4589911,3589,35800,4438341
2022-07-09,4592710,2799,35808,4441007
2022-07-10,4595974,3264,35810,4443710
2022-07-11,4598391,2417,35815,4446246
2022-07-12,4600736,2345,35818,4448630
2022-07-13,4604670,3934,35827,4451377
2022-07-14,4608768,4098,35835,4453448
2022-07-15,4613998,5230,35843,4456375
2022-07-16,4619045,5047,35847,4460145
2022-07-17,4622981,3936,35854,4464044
2022-07-18,4626061,3080,35861,4467443
2022-07-19,4629963,3902,35869,4470378
2022-07-20,4635648,5685,35877,4473715
2022-07-21,4640235,4587,35887,4476367
2022-07-22,4644115,3880,35901,4478974
2022-07-23,4648931,4816,35910,4482902
2022-07-24,4651651,2720,35913,4486914
2022-07-25,4654951,3300,35922,4492141
2022-07-26,4659710,4759,35931,4496947
2022-07-27,4664213,4503,35941,4500794
2022-07-28,4668139,3926,35945,4504336
2022-07-29,4672999,4860,35955,4508172
2022-07-30,4677270,4271,35959,4513725
2022-07-31,4680053,2783,35968,4518207
2022-08-01,4683266,3213,35976,4522054
2022-08-02,4687470,4204,35984,4526636
2022-08-03,4692800,5330,35994,4529711
2022-08-04,4697213,4413,36002,4533105
2022-08-05,4701140,3927,36008,4538054
2022-08-06,4705824,4684,36019,4542329
2022-08-07,4708552,2728,36025,4546185
2022-08-08,4711415,2863,36031,4550937
2022-08-09,4714498,3083,36043,4555166
2022-08-10,4719394,4896,36055,4558145
2022-08-11,4724225,4831,36065,4561507
2022-08-12,4728168,3943,36069,4566152
2022-08-13,4732502,4334,36079,4571234
2022-08-14,4735547,3045,36084,4575460
2022-08-15,4737984,2437,36092,4579118
2022-08-16,4741413,3429,36101,4584000
2022-08-17,4744929,3516,36116,4586541
2022-08-18,4749000,4071,36123,4589830
2022-08-19,4752490,3490,36129,4593023
2022-08-20,4755288,2798,36135,4597692
2022-08-21,4757752,2464,36144,4602119
2022-08-22,4759830,2078,36154,4605409
2022-08-23,4762552,2722,36165,4610265
2022-08-24,4765188,2636,36176,4613471
2022-08-25,4768394,3206,36184,4615651
2022-08-26,4771512,3118,36190,4619014
2022-08-27,4774003,2491,36195,4622729
2022-08-28,4776194,2191,36197,4626525
2022-08-29,4778140,1946,36205,4629796
2022-08-30,4780284,2144,36209,4632345
2022-08-31,4782624,2340,36215,4634847
2022-09-01,4784980,2356,36224,4636722
2022-09-02,4787308,2328,36233,4639340
2022-09-03,4789552,2244,36242,4642542
2022-09-04,4791456,1904,36244,4645680
2022-09-05,4792942,1486,36248,4648577
2022-09-06,4795009,2067,36254,4650856
2022-09-07,4797437,2428,36261,4653529
2022-09-08,4799663,2226,36269,4655423
2022-09-09,4801653,1990,36273,4657439
2022-09-10,4803624,1971,36276,4659828
2022-09-11,4805107,1483,36279,4661918
2022-09-12,4806954,1847,36284,4664066
2022-09-13,4808896,1942,36290,4666342
2022-09-14,4811327,2431,36295,4668162
2022-09-15,4813702,2375,36298,4669628
2022-09-16,4815679,1977,36304,4671646
2022-09-17,4817251,1572,36307,4674341
2022-09-18,4818890,1639,36311,4676397
2022-09-19,4820197,1307,36316,4678227
2022-09-20,4821864,1667,36323,4680255
2022-09-21,4823975,2111,36329,4681748
2022-09-22,4826220,2245,36341,4683649
2022-09-23,4828290,2070,36344,4685658
2022-09-24,4830214,1924,36347,4688018
2022-09-25,4831822,1608,36349,4690370
2022-09-26,4833008,1186,36356,4692060
2022-09-27,4834560,1552,36362,4693744
