date,ML,Low_90,High_90,Low_50,High_50,adjustedCases,adjustedDomesticCases,confirmedOnlyCases,confirmedOnlyDomesticCases
2020-03-05,0.0001,0.0001,10.81,0.0001,6.01,6.989854262082406,6.989854262082406,1.0,1.0
2020-03-06,11.94,9.02,12.0,10.97,11.98,8.391043899302284,8.391043899302284,1.0,1.0
2020-03-07,11.93,9.57,12.0,11.15,11.99,8.935238220891243,8.935238220891243,0.0,0.0
2020-03-08,10.31,7.87,11.98,9.23,11.21,8.753371557877182,8.753371557877182,1.0,1.0
2020-03-09,6.12,4.53,7.99,5.36,6.78,8.166712601965472,8.166712601965472,1.0,1.0
2020-03-10,4.1,3.12,5.23,3.6,4.47,7.439901685303289,7.439901685303289,0.0,0.0
2020-03-11,3.0,2.3000000000000003,3.75,2.64,3.24,6.696879436305526,6.696879436305526,1.0,1.0
2020-03-12,2.34,1.81,2.9,2.07,2.52,5.970675268567757,5.970675268567757,1.0,1.0
2020-03-13,1.92,1.47,2.35,1.71,2.07,5.268272282134705,5.268272282134705,1.0,1.0
2020-03-14,1.6300000000000001,1.24,1.99,1.43,1.74,4.598069545256217,4.598069545256217,0.0,0.0
2020-03-15,1.42,1.07,1.74,1.23,1.51,3.972393613287357,3.972393613287357,4.0,4.0
2020-03-16,1.26,0.9500000000000001,1.56,1.12,1.37,3.404256554144661,3.404256554144661,4.0,4.0
2020-03-17,1.1400000000000001,0.8300000000000001,1.41,0.98,1.22,2.9045540899751496,2.9045540899751496,8.0,8.0
2020-03-18,1.04,0.76,1.31,0.89,1.12,2.4801932803513558,2.4801932803513558,7.0,7.0
2020-03-19,0.97,0.68,1.22,0.8300000000000001,1.05,2.133253727306705,2.133253727306705,2.0,2.0
2020-03-20,0.91,0.62,1.1500000000000001,0.76,0.98,1.86116527405314,1.86116527405314,5.0,5.0
2020-03-21,0.86,0.59,1.11,0.71,0.93,1.657546230053518,1.657546230053518,13.0,13.0
2020-03-22,0.8200000000000001,0.55,1.07,0.67,0.89,1.5132469502076988,1.5132469502076988,8.0,8.0
2020-03-23,0.8,0.52,1.04,0.64,0.86,1.417275805123868,1.417275805123868,8.0,8.0
2020-03-24,0.78,0.51,1.03,0.63,0.85,1.357499630284329,1.357499630284329,2.0,2.0
2020-03-25,0.77,0.5,1.02,0.62,0.84,1.3211985941069664,1.3211985941069664,2.0,2.0
2020-03-26,0.77,0.51,1.03,0.62,0.84,1.2956516279533594,1.2956516279533594,4.0,4.0
2020-03-27,0.77,0.49,1.02,0.62,0.84,1.2689088605892167,1.2689088605892167,6.0,6.0
2020-03-28,0.77,0.5,1.03,0.63,0.85,1.2307872789357275,1.2307872789357275,6.0,6.0
2020-03-29,0.77,0.48,1.02,0.65,0.87,1.1739571452120459,1.1739571452120459,1.0,1.0
2020-03-30,0.77,0.5,1.04,0.61,0.84,1.0948454524191578,1.0948454524191578,1.0,1.0
2020-03-31,0.77,0.48,1.03,0.62,0.85,0.9940420789190216,0.9940420789190216,6.0,6.0
2020-04-01,0.77,0.5,1.05,0.62,0.85,0.8759903093949697,0.8759903093949697,2.0,2.0
2020-04-02,0.76,0.47000000000000003,1.03,0.63,0.86,0.7479504374192463,0.7479504374192463,2.0,2.0
2020-04-03,0.75,0.45,1.02,0.59,0.8300000000000001,0.6184610898102179,0.6184610898102179,0.0,0.0
2020-04-04,0.74,0.43,1.01,0.58,0.8200000000000001,0.4956867922069745,0.4956867922069745,1.0,1.0
2020-04-05,0.73,0.43,1.01,0.58,0.8200000000000001,0.38606300436058516,0.38606300436058516,2.0,2.0
2020-04-06,0.71,0.41000000000000003,1.0,0.54,0.79,0.29352722333842285,0.29352722333842285,0.0,0.0
2020-04-07,0.7000000000000001,0.39,0.99,0.54,0.79,0.2194157669027862,0.2194157669027862,1.0,1.0
2020-04-08,0.68,0.37,0.98,0.55,0.8,0.16290041696810142,0.16290041696810142,6.0,6.0
2020-04-09,0.67,0.36,0.98,0.5,0.76,0.12171441240756982,0.12171441240756982,0.0,0.0
2020-04-10,0.66,0.35000000000000003,0.98,0.51,0.77,0.09290475636174615,0.09290475636174615,1.0,1.0
2020-04-11,0.65,0.3,0.9500000000000001,0.47000000000000003,0.74,0.07342628638916003,0.07342628638916003,5.0,5.0
2020-04-12,0.64,0.3,0.96,0.49,0.76,0.06050867303097561,0.06050867303097561,2.0,2.0
2020-04-13,0.64,0.29,0.96,0.46,0.74,0.05182551011433547,0.05182551011433547,0.0,0.0
2020-04-14,0.63,0.29,0.97,0.48,0.76,0.04554262269822466,0.04554262269822466,3.0,3.0
2020-04-15,0.63,0.26,0.96,0.45,0.74,0.04031810185919162,0.04031810185919162,0.0,0.0
2020-04-16,0.63,0.26,0.97,0.42,0.72,0.03528978812496894,0.03528978812496894,0.0,0.0
2020-04-17,0.63,0.26,0.98,0.44,0.74,0.03004654497656579,0.03004654497656579,0.0,0.0
2020-04-18,0.63,0.26,0.99,0.42,0.73,0.024561523741494395,0.024561523741494395,0.0,0.0
2020-04-19,0.63,0.23,0.98,0.43,0.74,0.019075861360768945,0.019075861360768945,0.0,0.0
2020-04-20,0.63,0.22,0.98,0.41000000000000003,0.73,0.013948396878569854,0.013948396878569854,0.0,0.0
2020-04-21,0.62,0.22,0.99,0.43,0.75,0.00950985942202734,0.00950985942202734,0.0,0.0
2020-04-22,0.62,0.23,1.01,0.4,0.73,0.005962286063743952,0.005962286063743952,0.0,0.0
2020-04-23,0.62,0.19,0.99,0.42,0.75,0.003345069893376432,0.003345069893376432,0.0,0.0
2020-04-24,0.62,0.19,1.0,0.4,0.74,0.001560977188503467,0.001560977188503467,0.0,0.0
2020-04-25,0.62,0.19,1.01,0.41000000000000003,0.75,0.00043514061113138084,0.00043514061113138084,0.0,0.0
2020-04-26,0.62,0.19,1.02,0.39,0.74,0.0,0.0,2.0,2.0
2020-04-27,0.62,0.19,1.03,0.41000000000000003,0.76,0.0,0.0,0.0,0.0
2020-04-28,0.62,0.19,1.04,0.38,0.74,0.0,0.0,0.0,0.0
2020-04-29,0.62,0.15,1.02,0.4,0.76,0.0,0.0,0.0,0.0
2020-04-30,0.62,0.15,1.03,0.38,0.75,0.0,0.0,0.0,0.0
2020-05-01,0.62,0.15,1.04,0.4,0.77,0.0,0.0,0.0,0.0
2020-05-02,0.62,0.14,1.04,0.37,0.75,0.0,0.0,0.0,0.0
2020-05-03,0.62,0.14,1.05,0.39,0.77,0.0,0.0,0.0,0.0
2020-05-04,0.62,0.13,1.05,0.43,0.81,0.0,0.0,0.0,0.0
2020-05-05,0.62,0.13,1.06,0.38,0.77,0.0,0.0,0.0,0.0
2020-05-06,0.62,0.12,1.06,0.41000000000000003,0.8,0.0,0.0,0.0,0.0
2020-05-07,0.62,0.11,1.06,0.37,0.77,0.0,0.0,0.0,0.0
2020-05-08,0.62,0.1,1.06,0.39,0.79,0.0,0.0,0.0,0.0
2020-05-09,0.62,0.09,1.06,0.36,0.77,0.0,0.0,0.0,0.0
2020-05-10,0.62,0.08,1.06,0.38,0.79,0.0,0.0,0.0,0.0
2020-05-11,0.62,0.09,1.07,0.34,0.76,3.6725430146635363e-05,3.6725430146635363e-05,0.0,0.0
2020-05-12,0.62,0.06,1.05,0.36,0.78,6.467824955844843e-05,6.467824955844843e-05,0.0,0.0
2020-05-13,0.62,0.08,1.07,0.37,0.79,8.52179327965163e-05,8.52179327965163e-05,0.0,0.0
2020-05-14,0.62,0.1,1.09,0.34,0.77,9.987622228379406e-05,9.987622228379406e-05,0.0,0.0
2020-05-15,0.62,0.07,1.07,0.35000000000000003,0.78,0.00010882799789946936,0.00010882799789946936,0.0,0.0
2020-05-16,0.62,0.1,1.1,0.37,0.8,0.00011154993391419084,0.00011154993391419084,0.0,0.0
2020-05-17,0.62,0.07,1.08,0.33,0.77,0.00010768856246873705,0.00010768856246873705,0.0,0.0
2020-05-18,0.62,0.09,1.1,0.34,0.78,9.768350669955438e-05,9.768350669955438e-05,0.0,0.0
2020-05-19,0.62,0.07,1.09,0.36,0.8,8.289498185778043e-05,8.289498185778043e-05,0.0,0.0
2020-05-20,0.62,0.09,1.11,0.38,0.8200000000000001,6.530187838423517e-05,6.530187838423517e-05,0.0,0.0
2020-05-21,0.62,0.06,1.09,0.33,0.78,4.702928504558791e-05,4.702928504558791e-05,0.0,0.0
2020-05-22,0.62,0.08,1.11,0.35000000000000003,0.8,2.9941662986074803e-05,2.9941662986074803e-05,0.0,0.0
2020-05-23,0.62,0.06,1.1,0.36,0.81,1.540221018878898e-05,1.540221018878898e-05,0.0,0.0
2020-05-24,0.62,0.08,1.12,0.32,0.78,4.187882085565512e-06,4.187882085565512e-06,0.0,0.0
2020-05-25,0.62,0.06,1.11,0.34,0.8,0.0,0.0,0.0,0.0
2020-05-26,0.62,0.05,1.11,0.36,0.8200000000000001,0.0,0.0,0.0,0.0
2020-05-27,0.62,0.04,1.11,0.32,0.79,0.0,0.0,0.0,0.0
2020-05-28,0.62,0.06,1.1300000000000001,0.33,0.8,0.0,0.0,0.0,0.0
2020-05-29,0.62,0.04,1.12,0.35000000000000003,0.8200000000000001,0.0,0.0,0.0,0.0
2020-05-30,0.62,0.02,1.11,0.31,0.79,0.0,0.0,0.0,0.0
2020-05-31,0.62,0.03,1.12,0.33,0.81,0.0,0.0,0.0,0.0
2020-06-01,0.62,0.01,1.11,0.35000000000000003,0.8300000000000001,0.0,0.0,0.0,0.0
2020-06-02,0.62,0.02,1.12,0.3,0.79,0.0,0.0,0.0,0.0
2020-06-03,0.62,0.01,1.12,0.32,0.81,0.0,0.0,0.0,0.0
2020-06-04,0.62,0.02,1.1300000000000001,0.34,0.8300000000000001,0.0,0.0,0.0,0.0
2020-06-05,0.62,0.0001,1.12,0.3,0.8,0.0,0.0,0.0,0.0
2020-06-06,0.62,0.03,1.1400000000000001,0.3,0.8,7.470638981347741e-09,7.470638981347741e-09,0.0,0.0
2020-06-07,0.62,0.01,1.1300000000000001,0.32,0.8200000000000001,0.0,0.0,0.0,0.0
2020-06-08,0.62,0.0001,1.1300000000000001,0.35000000000000003,0.85,0.0,0.0,0.0,0.0
2020-06-09,0.62,0.01,1.1400000000000001,0.29,0.8,0.0,0.0,0.0,0.0
2020-06-10,0.62,0.03,1.16,0.31,0.8200000000000001,0.0,0.0,0.0,0.0
2020-06-11,0.62,0.0001,1.1400000000000001,0.33,0.84,0.0,0.0,0.0,0.0
2020-06-12,0.62,0.01,1.1500000000000001,0.28,0.8,0.0,0.0,0.0,0.0
2020-06-13,0.62,0.0001,1.1500000000000001,0.3,0.8200000000000001,0.0,0.0,0.0,0.0
2020-06-14,0.62,0.0001,1.1500000000000001,0.32,0.84,0.0,0.0,0.0,0.0
2020-06-15,0.62,0.0001,1.1500000000000001,0.33,0.85,3.1633076583853503e-07,3.1633076583853503e-07,0.0,0.0
2020-06-16,0.62,0.0001,1.1500000000000001,0.27,0.8,1.914022409852615e-06,1.914022409852615e-06,0.0,0.0
2020-06-17,0.62,0.01,1.16,0.27,0.8,4.426153859449569e-06,4.426153859449569e-06,0.0,0.0
2020-06-18,0.62,0.03,1.18,0.28,0.81,8.005445401939237e-06,8.005445401939237e-06,0.0,0.0
2020-06-19,0.62,0.0001,1.16,0.28,0.81,1.2690430105142354e-05,1.2690430105142354e-05,0.0,0.0
2020-06-20,0.62,0.01,1.17,0.29,0.8200000000000001,1.83504374601357e-05,1.83504374601357e-05,0.0,0.0
2020-06-21,0.62,0.03,1.19,0.3,0.8300000000000001,2.465861633940995e-05,2.465861633940995e-05,0.0,0.0
2020-06-22,0.62,0.01,1.18,0.32,0.85,3.1104367822401124e-05,3.1104367822401124e-05,0.0,0.0
2020-06-23,0.61,0.01,1.18,0.25,0.79,3.704273369422185e-05,3.704273369422185e-05,0.0,0.0
2020-06-24,0.61,0.03,1.2,0.26,0.8,4.177062045362056e-05,4.177062045362056e-05,0.0,0.0
2020-06-25,0.61,0.01,1.19,0.26,0.8,4.461983315183211e-05,4.461983315183211e-05,0.0,0.0
2020-06-26,0.61,0.02,1.2,0.27,0.81,4.505650114090278e-05,4.505650114090278e-05,0.0,0.0
2020-06-27,0.61,0.03,1.21,0.28,0.8200000000000001,4.276814823476246e-05,4.276814823476246e-05,0.0,0.0
2020-06-28,0.61,0.01,1.2,0.29,0.8300000000000001,3.770508773195437e-05,3.770508773195437e-05,0.0,0.0
2020-06-29,0.61,0.02,1.21,0.3,0.84,3.0032821013620085e-05,3.0032821013620085e-05,0.0,0.0
2020-06-30,0.61,0.03,1.22,0.32,0.86,1.996427336150436e-05,1.996427336150436e-05,0.0,0.0
2020-07-01,0.61,0.01,1.21,0.25,0.8,7.492961909297009e-06,7.492961909297009e-06,0.0,0.0
2020-07-02,0.61,0.03,1.23,0.26,0.81,0.0,0.0,0.0,0.0
2020-07-03,0.61,0.01,1.22,0.27,0.8200000000000001,0.0,0.0,0.0,0.0
2020-07-04,0.61,0.0001,1.22,0.3,0.85,0.0,0.0,0.0,0.0
2020-07-05,0.61,0.0001,1.22,0.24,0.8,0.0,0.0,0.0,0.0
2020-07-06,0.61,0.02,1.24,0.25,0.81,0.0,0.0,0.0,0.0
2020-07-07,0.61,0.0001,1.23,0.27,0.8300000000000001,0.0,0.0,0.0,0.0
2020-07-08,0.61,0.0001,1.23,0.29,0.85,0.0,0.0,0.0,0.0
2020-07-09,0.61,0.01,1.24,0.24,0.81,0.0,0.0,0.0,0.0
2020-07-10,0.61,0.0001,1.24,0.25,0.8200000000000001,0.0,0.0,0.0,0.0
2020-07-11,0.61,0.0001,1.24,0.26,0.8300000000000001,0.0,0.0,0.0,0.0
2020-07-12,0.61,0.0001,1.24,0.27,0.84,0.00025634151754871503,0.00025634151754871503,0.0,0.0
2020-07-13,0.61,0.0001,1.24,0.27,0.84,0.0008499255129308669,0.0008499255129308669,0.0,0.0
2020-07-14,0.61,0.01,1.25,0.28,0.85,0.0019900499096478174,0.0019900499096478174,0.0,0.0
2020-07-15,0.61,0.0001,1.25,0.29,0.86,0.00408206574268511,0.00408206574268511,0.0,0.0
2020-07-16,0.61,0.01,1.26,0.31,0.88,0.007770464761407229,0.007770464761407229,0.0,0.0
2020-07-17,0.62,0.03,1.28,0.24,0.8200000000000001,0.014028227265911321,0.014028227265911321,0.0,0.0
2020-07-18,0.63,0.02,1.28,0.25,0.8300000000000001,0.024246170620002234,0.024246170620002234,0.0,0.0
2020-07-19,0.64,0.02,1.29,0.26,0.84,0.040295662853403164,0.040295662853403164,0.0,0.0
2020-07-20,0.66,0.04,1.32,0.29,0.87,0.06452439337052965,0.06452439337052965,0.0,0.0
2020-07-21,0.6900000000000001,0.06,1.35,0.38,0.9500000000000001,0.09963808883029342,0.09963808883029342,0.0,0.0
2020-07-22,0.73,0.1,1.4000000000000001,0.39,0.96,0.14842792517567194,0.14842792517567194,0.0,0.0
2020-07-23,0.78,0.13,1.44,0.42,0.99,0.2133286658843935,0.2133286658843935,0.0,0.0
2020-07-24,0.84,0.19,1.5,0.51,1.07,0.29583677907271255,0.29583677907271255,0.0,0.0
2020-07-25,0.91,0.27,1.57,0.6,1.1500000000000001,0.39587390444552367,0.39587390444552367,0.0,0.0
2020-07-26,0.99,0.35000000000000003,1.6400000000000001,0.6900000000000001,1.23,0.5112326042939517,0.5112326042939517,0.0,0.0
2020-07-27,1.06,0.45,1.72,0.79,1.32,0.6372659100248712,0.6372659100248712,0.0,0.0
2020-07-28,1.1400000000000001,0.51,1.77,0.81,1.34,0.7669605899450235,0.7669605899450235,0.0,0.0
2020-07-29,1.21,0.59,1.83,0.89,1.41,0.8914616394823807,0.8914616394823807,0.0,0.0
2020-07-30,1.27,0.66,1.8800000000000001,0.9500000000000001,1.46,1.0010088328801445,1.0010088328801445,0.0,0.0
2020-07-31,1.32,0.74,1.93,1.0,1.5,1.0861396999834065,1.0861396999834065,0.0,0.0
2020-08-01,1.35,0.76,1.93,1.11,1.59,1.1389448070286843,1.1389448070286843,0.0,0.0
2020-08-02,1.37,0.8,1.94,1.1,1.57,1.1541530958080748,1.1541530958080748,0.0,0.0
2020-08-03,1.37,0.8200000000000001,1.93,1.09,1.55,1.12987244109613,1.12987244109613,0.0,0.0
2020-08-04,1.35,0.81,1.8900000000000001,1.07,1.52,1.0678856587243981,1.0678856587243981,0.0,0.0
2020-08-05,1.32,0.8300000000000001,1.87,1.09,1.52,0.9734729915481022,0.9734729915481022,0.0,0.0
2020-08-06,1.29,0.8,1.81,1.04,1.46,0.8547837886607412,0.8547837886607412,0.0,0.0
2020-08-07,1.24,0.77,1.75,0.98,1.3900000000000001,0.7218222001193538,0.7218222001193538,1.0,1.0
2020-08-08,1.19,0.71,1.67,0.9400000000000001,1.34,0.5851642168415468,0.5851642168415468,0.0,0.0
2020-08-09,1.1400000000000001,0.68,1.61,0.89,1.28,0.4545913976215703,0.4545913976215703,3.0,3.0
2020-08-10,1.09,0.64,1.55,0.85,1.23,0.33788499957972645,0.33788499957972645,0.0,0.0
2020-08-11,1.05,0.62,1.51,0.8200000000000001,1.19,0.2400285396935528,0.2400285396935528,0.0,0.0
2020-08-12,1.0,0.58,1.46,0.76,1.1300000000000001,0.1629863843831837,0.1629863843831837,0.0,0.0
2020-08-13,0.97,0.52,1.4000000000000001,0.76,1.12,0.10607418760453413,0.10607418760453413,0.0,0.0
2020-08-14,0.9400000000000001,0.51,1.3800000000000001,0.72,1.08,0.06677250181929444,0.06677250181929444,1.0,1.0
2020-08-15,0.91,0.49,1.36,0.7000000000000001,1.06,0.04172841366537729,0.04172841366537729,2.0,2.0
2020-08-16,0.89,0.45,1.33,0.6900000000000001,1.05,0.02768021913552329,0.02768021913552329,1.0,1.0
2020-08-17,0.88,0.45,1.33,0.6900000000000001,1.05,0.02211209705621187,0.02211209705621187,3.0,3.0
2020-08-18,0.87,0.42,1.31,0.64,1.01,0.02354931875261027,0.02354931875261027,0.0,0.0
2020-08-19,0.86,0.41000000000000003,1.31,0.64,1.01,0.03149549236619957,0.03149549236619957,4.0,4.0
2020-08-20,0.86,0.4,1.31,0.67,1.04,0.046080387948914364,0.046080387948914364,0.0,0.0
2020-08-21,0.87,0.39,1.31,0.63,1.01,0.06754091816157119,0.06754091816157119,0.0,0.0
2020-08-22,0.87,0.42,1.34,0.65,1.03,0.09569906510052358,0.09569906510052358,0.0,0.0
2020-08-23,0.88,0.41000000000000003,1.34,0.68,1.06,0.1296049644897813,0.1296049644897813,0.0,0.0
2020-08-24,0.89,0.41000000000000003,1.35,0.64,1.03,0.16745816774902697,0.16745816774902697,0.0,0.0
2020-08-25,0.91,0.43,1.37,0.67,1.06,0.20681807843760244,0.20681807843760244,0.0,0.0
2020-08-26,0.92,0.46,1.4000000000000001,0.6900000000000001,1.08,0.2450134429874675,0.2450134429874675,0.0,0.0
2020-08-27,0.9400000000000001,0.45,1.4000000000000001,0.71,1.1,0.27960605936796634,0.27960605936796634,0.0,0.0
2020-08-28,0.96,0.47000000000000003,1.42,0.74,1.1300000000000001,0.30876725884203415,0.30876725884203415,0.0,0.0
2020-08-29,0.97,0.49,1.44,0.75,1.1400000000000001,0.3314693501632933,0.3314693501632933,0.0,0.0
2020-08-30,0.99,0.51,1.46,0.77,1.16,0.34745526445002345,0.34745526445002345,0.0,0.0
2020-08-31,1.0,0.52,1.47,0.78,1.17,0.35701385841757166,0.35701385841757166,0.0,0.0
2020-09-01,1.01,0.52,1.47,0.79,1.18,0.3606454413335873,0.3606454413335873,0.0,0.0
2020-09-02,1.01,0.53,1.48,0.79,1.18,0.35873865885791806,0.35873865885791806,0.0,0.0
2020-09-03,1.02,0.56,1.5,0.79,1.18,0.3513813514628591,0.3513813514628591,0.0,0.0
2020-09-04,1.02,0.55,1.49,0.78,1.17,0.33838701363347934,0.33838701363347934,0.0,0.0
2020-09-05,1.02,0.54,1.48,0.78,1.17,0.31954189040873887,0.31954189040873887,0.0,0.0
2020-09-06,1.01,0.54,1.48,0.77,1.16,0.29498909901242926,0.29498909901242926,1.0,1.0
2020-09-07,1.01,0.53,1.47,0.76,1.1500000000000001,0.2656015650147614,0.2656015650147614,1.0,1.0
2020-09-08,1.0,0.55,1.48,0.75,1.1400000000000001,0.23319101225493766,0.23319101225493766,0.0,0.0
2020-09-09,0.99,0.54,1.47,0.74,1.1300000000000001,0.2004722415092167,0.2004722415092167,0.0,0.0
2020-09-10,0.98,0.53,1.46,0.73,1.12,0.17083156469446042,0.17083156469446042,0.0,0.0
2020-09-11,0.97,0.48,1.42,0.72,1.11,0.14808227190900525,0.14808227190900525,0.0,0.0
2020-09-12,0.96,0.48,1.42,0.72,1.11,0.1364637614254066,0.1364637614254066,0.0,0.0
2020-09-13,0.9500000000000001,0.48,1.42,0.71,1.1,0.1411135788735556,0.1411135788735556,0.0,0.0
2020-09-14,0.9500000000000001,0.48,1.42,0.72,1.11,0.169124406619619,0.169124406619619,0.0,0.0
2020-09-15,0.9500000000000001,0.49,1.43,0.72,1.11,0.2311572162934217,0.2311572162934217,0.0,0.0
2020-09-16,0.97,0.51,1.45,0.74,1.1300000000000001,0.34350294390410285,0.34350294390410285,1.0,1.0
2020-09-17,1.0,0.54,1.48,0.77,1.16,0.5305069500725021,0.5305069500725021,2.0,2.0
2020-09-18,1.05,0.58,1.52,0.81,1.2,0.8273305611855409,0.8273305611855409,0.0,0.0
2020-09-19,1.1300000000000001,0.68,1.61,0.89,1.28,1.2829734391255967,1.2829734391255967,0.0,0.0
2020-09-20,1.24,0.77,1.7,0.99,1.3800000000000001,1.9631824102499147,1.9631824102499147,1.0,1.0
2020-09-21,1.3800000000000001,0.9,1.83,1.17,1.55,2.952315797974614,2.952315797974614,0.0,0.0
2020-09-22,1.56,1.1,2.02,1.34,1.72,4.352579036880391,4.352579036880391,0.0,0.0
2020-09-23,1.78,1.3,2.22,1.54,1.92,6.278594315247806,6.278594315247806,0.0,0.0
2020-09-24,2.0100000000000002,1.54,2.45,1.76,2.14,8.845368738097303,8.845368738097303,0.0,0.0
2020-09-25,2.2600000000000002,1.82,2.71,2.0300000000000002,2.4,12.148698222786937,12.148698222786937,0.0,0.0
2020-09-26,2.5,2.07,2.94,2.29,2.65,16.239025118591165,16.239025118591165,0.0,0.0
2020-09-27,2.71,2.29,3.13,2.49,2.84,21.092529635693232,21.092529635693232,0.0,0.0
2020-09-28,2.87,2.46,3.2600000000000002,2.67,3.0,26.58605424776776,26.58605424776776,0.0,0.0
2020-09-29,2.96,2.56,3.31,2.7600000000000002,3.0700000000000003,32.48418334702575,32.48418334702575,1.0,1.0
2020-09-30,2.97,2.61,3.3000000000000003,2.77,3.06,38.446211708579455,38.446211708579455,1.0,1.0
2020-10-01,2.91,2.57,3.2,2.74,3.0,44.05715104712766,44.05715104712766,1.0,1.0
2020-10-02,2.7800000000000002,2.47,3.04,2.66,2.89,48.88076304928738,48.88076304928738,0.0,0.0
2020-10-03,2.61,2.34,2.85,2.48,2.69,52.52558322198316,52.52558322198316,3.0,3.0
2020-10-04,2.41,2.16,2.62,2.29,2.48,54.70957298064083,54.70957298064083,1.0,1.0
2020-10-05,2.19,1.96,2.38,2.09,2.2600000000000002,55.3077763215536,55.3077763215536,0.0,0.0
2020-10-06,1.97,1.76,2.14,1.86,2.02,54.371154690007074,54.371154690007074,3.0,3.0
2020-10-07,1.75,1.56,1.9100000000000001,1.6400000000000001,1.79,52.11257491958444,52.11257491958444,7.0,7.0
2020-10-08,1.54,1.36,1.69,1.44,1.58,48.86494732925013,48.86494732925013,1.0,1.0
2020-10-09,1.35,1.18,1.49,1.26,1.3900000000000001,45.023473420815826,45.023473420815826,8.0,8.0
2020-10-10,1.18,1.02,1.31,1.1,1.22,40.98658088704672,40.98658088704672,3.0,3.0
2020-10-11,1.04,0.9,1.17,0.9500000000000001,1.07,37.10804173792597,37.10804173792597,1.0,1.0
2020-10-12,0.92,0.79,1.05,0.85,0.96,33.66746746776792,33.66746746776792,141.0,141.0
2020-10-13,0.84,0.71,0.96,0.75,0.86,30.860230546503296,30.860230546503296,23.0,23.0
2020-10-14,0.78,0.64,0.89,0.72,0.8200000000000001,28.80298535223199,28.80298535223199,17.0,17.0
2020-10-15,0.74,0.62,0.86,0.68,0.78,27.548429978372017,27.548429978372017,16.0,16.0
2020-10-16,0.73,0.6,0.84,0.66,0.76,27.10269522089939,27.10269522089939,33.0,33.0
2020-10-17,0.74,0.62,0.86,0.68,0.78,27.43998600498436,27.43998600498436,189.0,189.0
2020-10-18,0.77,0.63,0.88,0.71,0.81,28.510967648366552,28.510967648366552,45.0,45.0
2020-10-19,0.81,0.68,0.93,0.73,0.84,30.243409761395363,30.243409761395363,26.0,26.0
2020-10-20,0.87,0.73,0.99,0.79,0.9,32.53576074305314,32.53576074305314,8.0,8.0
2020-10-21,0.9400000000000001,0.8,1.06,0.86,0.97,35.24671657662161,35.24671657662161,12.0,12.0
2020-10-22,1.01,0.86,1.1300000000000001,0.9400000000000001,1.05,38.18614865617788,38.18614865617788,10.0,10.0
2020-10-23,1.08,0.9400000000000001,1.21,1.02,1.1300000000000001,41.114018074522725,41.114018074522725,39.0,39.0
2020-10-24,1.1400000000000001,0.99,1.27,1.05,1.17,43.75295092497003,43.75295092497003,23.0,23.0
2020-10-25,1.19,1.04,1.32,1.1,1.22,45.81644270128504,45.81644270128504,97.0,97.0
2020-10-26,1.22,1.07,1.35,1.1400000000000001,1.26,47.04902905412007,47.04902905412007,61.0,61.0
2020-10-27,1.23,1.08,1.36,1.1400000000000001,1.26,47.26935468904784,47.26935468904784,13.0,13.0
2020-10-28,1.22,1.06,1.34,1.1300000000000001,1.25,46.40440470567247,46.40440470567247,19.0,19.0
2020-10-29,1.18,1.02,1.3,1.09,1.21,44.50476150393098,44.50476150393098,13.0,13.0
2020-10-30,1.12,0.98,1.25,1.03,1.1500000000000001,41.73625021585217,41.73625021585217,35.0,35.0
2020-10-31,1.05,0.91,1.18,0.99,1.1,38.35057341368326,38.35057341368326,2.0,2.0
2020-11-01,0.98,0.8200000000000001,1.09,0.9,1.01,34.643602307931715,34.643602307931715,23.0,23.0
2020-11-02,0.9,0.76,1.02,0.8200000000000001,0.93,30.91263447309284,30.91263447309284,21.0,21.0
2020-11-03,0.8200000000000001,0.67,0.93,0.74,0.85,27.422536077523773,27.422536077523773,35.0,35.0
2020-11-04,0.76,0.62,0.87,0.67,0.78,24.386367938685435,24.386367938685435,23.0,23.0
2020-11-05,0.7000000000000001,0.5700000000000001,0.8200000000000001,0.62,0.73,21.960906216307944,21.960906216307944,36.0,36.0
2020-11-06,0.67,0.53,0.78,0.61,0.71,20.253320242356313,20.253320242356313,192.0,192.0
2020-11-07,0.65,0.51,0.76,0.6,0.7000000000000001,19.3331497272568,19.3331497272568,18.0,18.0
2020-11-08,0.65,0.52,0.77,0.5700000000000001,0.68,19.243600458540374,19.243600458540374,18.0,18.0
2020-11-09,0.68,0.55,0.8,0.59,0.7000000000000001,20.007467034843,20.007467034843,34.0,34.0
2020-11-10,0.72,0.58,0.84,0.64,0.75,21.625123542483554,21.625123542483554,27.0,27.0
2020-11-11,0.79,0.66,0.92,0.71,0.8200000000000001,24.06467489749004,24.06467489749004,26.0,26.0
2020-11-12,0.87,0.73,1.0,0.81,0.92,27.2472517836743,27.2472517836743,63.0,63.0
2020-11-13,0.97,0.81,1.09,0.88,1.0,31.03298319427073,31.03298319427073,42.0,42.0
2020-11-14,1.07,0.9,1.19,0.98,1.1,35.21446676928602,35.21446676928602,34.0,34.0
2020-11-15,1.17,1.01,1.3,1.09,1.21,39.523699761759815,39.523699761759815,42.0,42.0
2020-11-16,1.26,1.09,1.3900000000000001,1.19,1.31,43.65519151701566,43.65519151701566,26.0,26.0
2020-11-17,1.34,1.17,1.47,1.24,1.37,47.30309620554454,47.30309620554454,33.0,33.0
2020-11-18,1.3900000000000001,1.23,1.53,1.29,1.42,50.205258848250935,50.205258848250935,16.0,16.0
2020-11-19,1.42,1.25,1.55,1.32,1.45,52.18388555422662,52.18388555422662,8.0,8.0
2020-11-20,1.41,1.24,1.54,1.34,1.46,53.172472041716304,53.172472041716304,25.0,25.0
2020-11-21,1.3800000000000001,1.23,1.52,1.31,1.43,53.22191453656348,53.22191453656348,17.0,17.0
2020-11-22,1.33,1.17,1.46,1.25,1.37,52.48435935549011,52.48435935549011,15.0,15.0
2020-11-23,1.27,1.11,1.3900000000000001,1.18,1.3,51.17934685737169,51.17934685737169,12.0,12.0
2020-11-24,1.2,1.05,1.32,1.1,1.22,49.55106301856883,49.55106301856883,15.0,15.0
2020-11-25,1.1300000000000001,0.97,1.24,1.05,1.16,47.826720545272515,47.826720545272515,14.0,14.0
2020-11-26,1.06,0.92,1.18,0.98,1.09,46.18428771332607,46.18428771332607,17.0,17.0
2020-11-27,1.01,0.86,1.12,0.93,1.04,44.73417484545023,44.73417484545023,64.0,64.0
2020-11-28,0.97,0.8300000000000001,1.08,0.88,0.99,43.51569740556764,43.51569740556764,92.0,92.0
2020-11-29,0.9400000000000001,0.8,1.05,0.88,0.98,42.50635281380822,42.50635281380822,46.0,46.0
2020-11-30,0.92,0.77,1.02,0.86,0.96,41.640508934887,41.640508934887,60.0,60.0
2020-12-01,0.91,0.76,1.01,0.84,0.9400000000000001,40.833638422168434,40.833638422168434,29.0,29.0
2020-12-02,0.9,0.75,1.0,0.84,0.9400000000000001,40.00819017079831,40.00819017079831,60.0,60.0
2020-12-03,0.89,0.75,1.0,0.8300000000000001,0.93,39.11729032435621,39.11729032435621,43.0,43.0
2020-12-04,0.89,0.75,1.0,0.8300000000000001,0.93,38.16283642972482,38.16283642972482,48.0,48.0
2020-12-05,0.89,0.75,1.0,0.8300000000000001,0.93,37.205483142295286,37.205483142295286,44.0,44.0
2020-12-06,0.89,0.75,1.0,0.8,0.91,36.3655992857499,36.3655992857499,31.0,31.0
2020-12-07,0.89,0.75,1.0,0.8,0.91,35.81614050487647,35.81614050487647,55.0,55.0
2020-12-08,0.89,0.76,1.01,0.81,0.92,35.7698078002962,35.7698078002962,18.0,18.0
2020-12-09,0.91,0.78,1.03,0.8200000000000001,0.93,36.46315927882463,36.46315927882463,29.0,29.0
2020-12-10,0.93,0.78,1.04,0.85,0.96,38.13932317616884,38.13932317616884,42.0,42.0
2020-12-11,0.97,0.8300000000000001,1.09,0.89,1.0,41.02920120929295,41.02920120929295,34.0,34.0
2020-12-12,1.03,0.88,1.1400000000000001,0.9500000000000001,1.06,45.32972302633026,45.32972302633026,102.0,102.0
2020-12-13,1.1,0.96,1.22,1.03,1.1400000000000001,51.17797856425016,51.17797856425016,26.0,26.0
2020-12-14,1.19,1.06,1.32,1.12,1.23,58.622323231140946,58.622323231140946,31.0,31.0
2020-12-15,1.3,1.1400000000000001,1.41,1.22,1.33,67.5950413966568,67.5950413966568,34.0,34.0
2020-12-16,1.4000000000000001,1.25,1.52,1.33,1.44,77.8941476883881,77.8941476883881,69.0,69.0
2020-12-17,1.51,1.36,1.6300000000000001,1.44,1.55,89.18261089531998,89.18261089531998,80.0,80.0
2020-12-18,1.6,1.45,1.72,1.53,1.6400000000000001,101.01079967266094,101.01079967266094,37.0,37.0
2020-12-19,1.67,1.51,1.78,1.59,1.7,112.86271459185032,112.86271459185032,30.0,30.0
2020-12-20,1.71,1.57,1.83,1.6300000000000001,1.74,124.22011319180265,124.22011319180265,30.0,30.0
2020-12-21,1.72,1.57,1.83,1.6400000000000001,1.75,134.63289441052888,134.63289441052888,18.0,18.0
2020-12-22,1.7,1.56,1.81,1.61,1.72,143.7808187170568,143.7808187170568,23.0,23.0
2020-12-23,1.6500000000000001,1.53,1.77,1.59,1.69,151.51194194137656,151.51194194137656,43.0,43.0
2020-12-24,1.59,1.45,1.69,1.51,1.61,157.84735206498536,157.84735206498536,37.0,37.0
2020-12-25,1.51,1.3800000000000001,1.61,1.43,1.53,162.94924536050777,162.94924536050777,25.0,25.0
2020-12-26,1.43,1.31,1.53,1.37,1.46,167.0583975845139,167.0583975845139,58.0,58.0
2020-12-27,1.36,1.24,1.45,1.29,1.3800000000000001,170.41535282832902,170.41535282832902,37.0,37.0
2020-12-28,1.29,1.18,1.3800000000000001,1.22,1.31,173.1848042043724,173.1848042043724,69.0,69.0
2020-12-29,1.23,1.12,1.32,1.18,1.26,175.40294933110061,175.40294933110061,57.0,57.0
2020-12-30,1.18,1.08,1.27,1.1300000000000001,1.21,176.96248127669594,176.96248127669594,69.0,69.0
2020-12-31,1.1400000000000001,1.05,1.23,1.08,1.16,177.6401674536437,177.6401674536437,92.0,92.0
2021-01-01,1.11,1.01,1.19,1.04,1.12,177.1600402894567,177.1600402894567,226.0,226.0
2021-01-02,1.07,0.97,1.1500000000000001,1.01,1.09,175.27464402285364,175.27464402285364,288.0,288.0
2021-01-03,1.04,0.9500000000000001,1.12,1.0,1.07,171.84131561929536,171.84131561929536,103.0,103.0
2021-01-04,1.0,0.91,1.08,0.96,1.03,166.8724740214338,166.8724740214338,55.0,55.0
2021-01-05,0.96,0.87,1.04,0.92,0.99,160.54787253273375,160.54787253273375,60.0,60.0
2021-01-06,0.93,0.8300000000000001,1.0,0.88,0.9500000000000001,153.1892778902117,153.1892778902117,77.0,77.0
2021-01-07,0.89,0.79,0.96,0.84,0.91,145.20915707207112,145.20915707207112,111.0,111.0
2021-01-08,0.85,0.75,0.92,0.8,0.87,137.05068596538885,137.05068596538885,75.0,75.0
2021-01-09,0.8200000000000001,0.73,0.89,0.77,0.84,129.13546847275435,129.13546847275435,273.0,273.0
2021-01-10,0.79,0.71,0.87,0.74,0.81,121.82938783064958,121.82938783064958,189.0,189.0
2021-01-11,0.77,0.6900000000000001,0.85,0.72,0.79,115.4292051839705,115.4292051839705,112.0,112.0
2021-01-12,0.76,0.68,0.84,0.71,0.78,110.16590038632785,110.16590038632785,317.0,317.0
2021-01-13,0.76,0.66,0.8300000000000001,0.71,0.78,106.21700310029517,106.21700310029517,105.0,105.0
2021-01-14,0.77,0.67,0.84,0.72,0.79,103.71946199953986,103.71946199953986,234.0,234.0
2021-01-15,0.79,0.7000000000000001,0.87,0.75,0.8200000000000001,102.77615410867104,102.77615410867104,194.0,194.0
2021-01-16,0.8200000000000001,0.71,0.89,0.78,0.85,103.45191790055587,103.45191790055587,120.0,120.0
2021-01-17,0.86,0.76,0.9400000000000001,0.79,0.87,105.75823817560335,105.75823817560335,120.0,120.0
2021-01-18,0.91,0.81,0.99,0.85,0.93,109.62902614025334,109.62902614025334,145.0,145.0
2021-01-19,0.96,0.85,1.04,0.9,0.98,114.89309301315215,114.89309301315215,124.0,124.0
2021-01-20,1.02,0.92,1.11,0.97,1.05,121.25151118600465,121.25151118600465,124.0,124.0
2021-01-21,1.08,0.97,1.17,1.03,1.11,128.26935004202477,128.26935004202477,171.0,171.0
2021-01-22,1.1400000000000001,1.02,1.22,1.09,1.17,135.39034211027388,135.39034211027388,202.0,202.0
2021-01-23,1.18,1.07,1.27,1.11,1.2,141.97926778676785,141.97926778676785,162.0,162.0
2021-01-24,1.21,1.1,1.3,1.1400000000000001,1.23,147.39049212876594,147.39049212876594,90.0,90.0
2021-01-25,1.23,1.12,1.32,1.1500000000000001,1.24,151.05351650245137,151.05351650245137,110.0,110.0
2021-01-26,1.22,1.11,1.31,1.17,1.25,152.55987391180676,152.55987391180676,104.0,104.0
2021-01-27,1.19,1.08,1.28,1.1400000000000001,1.22,151.73261994967143,151.73261994967143,101.0,101.0
2021-01-28,1.1500000000000001,1.05,1.24,1.09,1.17,148.66169187911197,148.66169187911197,99.0,99.0
2021-01-29,1.09,0.98,1.17,1.03,1.11,143.69556379349856,143.69556379349856,99.0,99.0
2021-01-30,1.03,0.92,1.11,0.97,1.05,137.39004097059197,137.39004097059197,101.0,101.0
2021-01-31,0.97,0.87,1.05,0.9,0.98,130.42540952018118,130.42540952018118,69.0,69.0
2021-02-01,0.91,0.81,0.99,0.85,0.93,123.5100034284487,123.5100034284487,119.0,119.0
2021-02-02,0.87,0.76,0.9400000000000001,0.8300000000000001,0.9,117.28941473378481,117.28941473378481,85.0,85.0
2021-02-03,0.8300000000000001,0.74,0.91,0.79,0.86,112.27622602630998,112.27622602630998,122.0,122.0
2021-02-04,0.8200000000000001,0.73,0.9,0.77,0.84,108.80765346322221,108.80765346322221,157.0,157.0
2021-02-05,0.8200000000000001,0.72,0.89,0.77,0.84,107.03114883327223,107.03114883327223,149.0,149.0
2021-02-06,0.8300000000000001,0.74,0.91,0.79,0.86,106.91335621588233,106.91335621588233,211.0,211.0
2021-02-07,0.85,0.75,0.93,0.79,0.87,108.26649396815829,108.26649396815829,250.0,250.0
2021-02-08,0.89,0.79,0.97,0.8300000000000001,0.91,110.78703363913584,110.78703363913584,209.0,209.0
2021-02-09,0.93,0.84,1.02,0.87,0.9500000000000001,114.10252463477029,114.10252463477029,119.0,119.0
2021-02-10,0.98,0.87,1.06,0.92,1.0,117.8222393534968,117.8222393534968,59.0,59.0
2021-02-11,1.02,0.92,1.11,0.97,1.05,121.58604986154583,121.58604986154583,144.0,144.0
2021-02-12,1.06,0.96,1.1500000000000001,1.01,1.09,125.10481145475289,125.10481145475289,149.0,149.0
2021-02-13,1.09,0.97,1.17,1.04,1.12,128.18593212413126,128.18593212413126,138.0,138.0
2021-02-14,1.11,0.99,1.19,1.06,1.1400000000000001,130.7403591573683,130.7403591573683,56.0,56.0
2021-02-15,1.12,1.0,1.2,1.07,1.1500000000000001,132.7713143958173,132.7713143958173,91.0,91.0
2021-02-16,1.12,1.0,1.2,1.07,1.1500000000000001,134.34930531864316,134.34930531864316,72.0,72.0
2021-02-17,1.11,0.99,1.19,1.06,1.1400000000000001,135.58073158543422,135.58073158543422,92.0,92.0
2021-02-18,1.1,1.0,1.19,1.05,1.1300000000000001,136.5779712757958,136.5779712757958,116.0,116.0
2021-02-19,1.09,0.98,1.17,1.03,1.11,137.43726427868708,137.43726427868708,188.0,188.0
2021-02-20,1.08,0.97,1.16,1.02,1.1,138.2277814549691,138.2277814549691,87.0,87.0
2021-02-21,1.06,0.96,1.1500000000000001,1.01,1.09,138.99195257121443,138.99195257121443,127.0,127.0
2021-02-22,1.05,0.9500000000000001,1.1400000000000001,0.99,1.07,139.75424314858446,139.75424314858446,135.0,135.0
2021-02-23,1.05,0.9400000000000001,1.1300000000000001,0.99,1.07,140.5336700277654,140.5336700277654,155.0,155.0
2021-02-24,1.04,0.93,1.12,0.98,1.06,141.3547550690955,141.3547550690955,95.0,95.0
2021-02-25,1.04,0.93,1.12,0.98,1.06,142.2524723891656,142.2524723891656,162.0,162.0
2021-02-26,1.04,0.9400000000000001,1.12,0.97,1.05,143.2689157996359,143.2689157996359,93.0,93.0
2021-02-27,1.04,0.9400000000000001,1.12,0.97,1.05,144.44238776209883,144.44238776209883,155.0,155.0
2021-02-28,1.04,0.9400000000000001,1.12,0.98,1.06,145.79250649043803,145.79250649043803,105.0,105.0
2021-03-01,1.04,0.9400000000000001,1.12,0.98,1.06,147.30672604119394,147.30672604119394,85.0,85.0
2021-03-02,1.04,0.9500000000000001,1.1300000000000001,0.98,1.06,148.93361780131684,148.93361780131684,106.0,106.0
2021-03-03,1.05,0.9500000000000001,1.1300000000000001,0.98,1.06,150.58627113485576,150.58627113485576,90.0,90.0
2021-03-04,1.05,0.9500000000000001,1.1300000000000001,0.99,1.07,152.15591210648253,152.15591210648253,337.0,337.0
2021-03-05,1.05,0.9500000000000001,1.1300000000000001,0.99,1.07,153.53252855368174,153.53252855368174,119.0,119.0
2021-03-06,1.05,0.9500000000000001,1.1300000000000001,0.99,1.07,154.62716207463126,154.62716207463126,84.0,84.0
2021-03-07,1.05,0.9500000000000001,1.1300000000000001,0.99,1.07,155.39027441619444,155.39027441619444,172.0,172.0
2021-03-08,1.05,0.9400000000000001,1.12,0.98,1.06,155.82206544900924,155.82206544900924,76.0,76.0
2021-03-09,1.04,0.9400000000000001,1.12,0.98,1.06,155.97295683718528,155.97295683718528,143.0,143.0
2021-03-10,1.03,0.93,1.11,0.97,1.05,155.9346102719047,155.9346102719047,99.0,99.0
2021-03-11,1.03,0.92,1.1,0.96,1.04,155.8231601569494,155.8231601569494,169.0,169.0
2021-03-12,1.02,0.91,1.09,0.9500000000000001,1.03,155.7568402690586,155.7568402690586,132.0,132.0
2021-03-13,1.01,0.91,1.09,0.9500000000000001,1.03,155.8304530554493,155.8304530554493,178.0,178.0
2021-03-14,1.01,0.9,1.08,0.9400000000000001,1.02,156.08980092557397,156.08980092557397,154.0,154.0
2021-03-15,1.01,0.9,1.08,0.9400000000000001,1.02,156.5104100862116,156.5104100862116,142.0,142.0
2021-03-16,1.01,0.9,1.08,0.9400000000000001,1.02,156.98601824915383,156.98601824915383,175.0,175.0
2021-03-17,1.01,0.9,1.08,0.9400000000000001,1.02,157.33223201732832,157.33223201732832,69.0,69.0
2021-03-18,1.01,0.9,1.08,0.9400000000000001,1.02,157.3084852305585,157.3084852305585,104.0,104.0
2021-03-19,1.01,0.9,1.08,0.9400000000000001,1.02,156.65685800010343,156.65685800010343,182.0,182.0
2021-03-20,1.0,0.89,1.07,0.96,1.03,155.15070271114703,155.15070271114703,328.0,328.0
2021-03-21,0.99,0.88,1.06,0.9500000000000001,1.02,152.64164552344917,152.64164552344917,205.0,205.0
2021-03-22,0.97,0.87,1.05,0.93,1.0,149.0926214960163,149.0926214960163,88.0,88.0
2021-03-23,0.9500000000000001,0.86,1.03,0.91,0.98,144.58806658478406,144.58806658478406,100.0,100.0
2021-03-24,0.93,0.84,1.01,0.89,0.96,139.31913959582255,139.31913959582255,99.0,99.0
2021-03-25,0.9,0.81,0.98,0.86,0.93,133.54923020443889,133.54923020443889,113.0,113.0
2021-03-26,0.88,0.78,0.9500000000000001,0.8300000000000001,0.9,127.5701487742458,127.5701487742458,137.0,137.0
2021-03-27,0.85,0.76,0.93,0.81,0.88,121.66059622458887,121.66059622458887,125.0,125.0
2021-03-28,0.8300000000000001,0.74,0.91,0.79,0.86,116.05591576120638,116.05591576120638,212.0,212.0
2021-03-29,0.8200000000000001,0.72,0.89,0.77,0.84,110.93333131972263,110.93333131972263,164.0,164.0
2021-03-30,0.81,0.71,0.88,0.76,0.8300000000000001,106.41194520285343,106.41194520285343,194.0,194.0
2021-03-31,0.8,0.71,0.88,0.76,0.8300000000000001,102.56328247708784,102.56328247708784,200.0,200.0
2021-04-01,0.8,0.7000000000000001,0.88,0.76,0.8300000000000001,99.42678039192121,99.42678039192121,190.0,190.0
2021-04-02,0.81,0.7000000000000001,0.88,0.74,0.8200000000000001,97.02512105434099,97.02512105434099,139.0,139.0
2021-04-03,0.8200000000000001,0.72,0.9,0.76,0.84,95.37599962476396,95.37599962476396,92.0,92.0
2021-04-04,0.84,0.74,0.92,0.77,0.85,94.49900205363657,94.49900205363657,185.0,185.0
2021-04-05,0.86,0.75,0.9400000000000001,0.8,0.88,94.41806864407499,94.41806864407499,133.0,133.0
2021-04-06,0.89,0.78,0.97,0.8300000000000001,0.91,95.16113110431233,95.16113110431233,110.0,110.0
2021-04-07,0.92,0.81,1.0,0.86,0.9400000000000001,96.75880300478984,96.75880300478984,93.0,93.0
2021-04-08,0.9500000000000001,0.85,1.04,0.9,0.98,99.24359948025003,99.24359948025003,162.0,162.0
2021-04-09,0.99,0.87,1.07,0.9400000000000001,1.02,102.65035180588016,102.65035180588016,176.0,176.0
2021-04-10,1.03,0.92,1.12,0.96,1.05,107.01760147159294,107.01760147159294,101.0,101.0
2021-04-11,1.07,0.97,1.17,1.0,1.09,112.38906437047142,112.38906437047142,113.0,113.0
2021-04-12,1.12,1.01,1.21,1.05,1.1400000000000001,118.81385966842608,118.81385966842608,112.0,112.0
2021-04-13,1.16,1.04,1.25,1.09,1.18,126.34408402694623,126.34408402694623,92.0,92.0
2021-04-14,1.21,1.09,1.3,1.1400000000000001,1.23,135.02843162801378,135.02843162801378,92.0,92.0
2021-04-15,1.25,1.1300000000000001,1.34,1.18,1.27,144.90093136610903,144.90093136610903,134.0,134.0
2021-04-16,1.3,1.17,1.3800000000000001,1.23,1.32,155.96459766500254,155.96459766500254,91.0,91.0
2021-04-17,1.34,1.21,1.42,1.26,1.35,168.17096504895878,168.17096504895878,116.0,116.0
2021-04-18,1.37,1.25,1.46,1.3,1.3900000000000001,181.39802907296914,181.39802907296914,84.0,84.0
2021-04-19,1.4000000000000001,1.29,1.49,1.33,1.42,195.43071292173255,195.43071292173255,91.0,91.0
2021-04-20,1.42,1.31,1.51,1.34,1.43,209.949075169789,209.949075169789,92.0,92.0
2021-04-21,1.43,1.31,1.51,1.3800000000000001,1.46,224.52952691562595,224.52952691562595,111.0,111.0
2021-04-22,1.43,1.33,1.52,1.3800000000000001,1.46,238.66304914071873,238.66304914071873,144.0,144.0
2021-04-23,1.42,1.31,1.5,1.36,1.44,251.79190101436734,251.79190101436734,89.0,89.0
2021-04-24,1.4000000000000001,1.29,1.48,1.34,1.42,263.36302694425086,263.36302694425086,134.0,134.0
2021-04-25,1.37,1.27,1.45,1.3,1.3800000000000001,272.892887520591,272.892887520591,117.0,117.0
2021-04-26,1.33,1.22,1.4000000000000001,1.26,1.34,280.03533545569655,280.03533545569655,123.0,123.0
2021-04-27,1.28,1.19,1.36,1.23,1.3,284.6420078990229,284.6420078990229,115.0,115.0
2021-04-28,1.23,1.1300000000000001,1.3,1.18,1.25,286.80415245625477,286.80415245625477,98.0,98.0
2021-04-29,1.18,1.09,1.25,1.12,1.19,286.8664659620354,286.8664659620354,158.0,158.0
2021-04-30,1.1300000000000001,1.03,1.19,1.07,1.1400000000000001,285.4076370868219,285.4076370868219,250.0,250.0
2021-05-01,1.08,1.0,1.1500000000000001,1.03,1.1,283.18823798504616,283.18823798504616,133.0,133.0
2021-05-02,1.05,0.96,1.11,1.01,1.07,281.072830268762,281.072830268762,145.0,145.0
2021-05-03,1.02,0.93,1.08,0.98,1.04,279.9376095895446,279.9376095895446,194.0,194.0
2021-05-04,1.01,0.92,1.07,0.97,1.03,280.57613971210975,280.57613971210975,167.0,167.0
2021-05-05,1.0,0.91,1.06,0.96,1.02,283.6136951785013,283.6136951785013,195.0,195.0
2021-05-06,1.01,0.92,1.07,0.97,1.03,289.43698855206776,289.43698855206776,305.0,305.0
2021-05-07,1.03,0.9500000000000001,1.1,0.99,1.05,298.1428974999376,298.1428974999376,313.0,313.0
2021-05-08,1.06,0.98,1.1300000000000001,1.02,1.08,309.5089146402631,309.5089146402631,363.0,363.0
2021-05-09,1.1,1.01,1.16,1.06,1.12,322.9893974989179,322.9893974989179,280.0,280.0
2021-05-10,1.1400000000000001,1.05,1.2,1.1,1.16,337.7434029075189,337.7434029075189,245.0,245.0
2021-05-11,1.17,1.08,1.23,1.1300000000000001,1.19,352.69916628540824,352.69916628540824,187.0,187.0
2021-05-12,1.19,1.11,1.26,1.16,1.22,366.65518576678136,366.65518576678136,259.0,259.0
2021-05-13,1.21,1.12,1.27,1.17,1.23,378.4088363977866,378.4088363977866,395.0,395.0
2021-05-14,1.2,1.12,1.27,1.16,1.22,386.89364844900325,386.89364844900325,266.0,266.0
2021-05-15,1.19,1.1,1.25,1.1400000000000001,1.2,391.3004161217774,391.3004161217774,338.0,338.0
2021-05-16,1.1500000000000001,1.08,1.22,1.11,1.17,391.158697246946,391.158697246946,187.0,187.0
2021-05-17,1.11,1.03,1.17,1.07,1.1300000000000001,386.3644044052141,386.3644044052141,159.0,159.0
2021-05-18,1.06,0.98,1.12,1.02,1.08,377.15289107661624,377.15289107661624,220.0,220.0
2021-05-19,1.01,0.9400000000000001,1.07,0.96,1.02,364.030042619045,364.030042619045,183.0,183.0
2021-05-20,0.9500000000000001,0.88,1.01,0.9,0.96,347.6818219450025,347.6818219450025,362.0,362.0
2021-05-21,0.9,0.8200000000000001,0.9500000000000001,0.85,0.91,328.8835124831742,328.8835124831742,302.0,302.0
2021-05-22,0.85,0.77,0.9,0.8200000000000001,0.87,308.42458308302633,308.42458308302633,359.0,359.0
2021-05-23,0.8,0.74,0.86,0.77,0.8200000000000001,287.0566910010066,287.0566910010066,372.0,372.0
2021-05-24,0.76,0.7000000000000001,0.8200000000000001,0.73,0.78,265.4642186552759,265.4642186552759,384.0,384.0
2021-05-25,0.73,0.66,0.78,0.7000000000000001,0.75,244.25133762604764,244.25133762604764,380.0,380.0
2021-05-26,0.7000000000000001,0.63,0.75,0.67,0.72,223.9378302138012,223.9378302138012,420.0,420.0
2021-05-27,0.67,0.61,0.73,0.64,0.6900000000000001,204.95730170067233,204.95730170067233,365.0,365.0
2021-05-28,0.66,0.58,0.71,0.62,0.67,187.65462150318095,187.65462150318095,421.0,421.0
2021-05-29,0.64,0.5700000000000001,0.7000000000000001,0.59,0.65,172.28281098298177,172.28281098298177,345.0,345.0
2021-05-30,0.64,0.56,0.6900000000000001,0.58,0.64,159.00182941081297,159.00182941081297,248.0,248.0
2021-05-31,0.64,0.56,0.6900000000000001,0.59,0.65,147.8821627355215,147.8821627355215,328.0,328.0
2021-06-01,0.64,0.56,0.7000000000000001,0.59,0.65,138.91492984960576,138.91492984960576,400.0,400.0
2021-06-02,0.66,0.58,0.72,0.61,0.67,132.028091314311,132.028091314311,407.0,407.0
2021-06-03,0.68,0.59,0.74,0.64,0.7000000000000001,127.106177794833,127.106177794833,303.0,303.0
2021-06-04,0.71,0.62,0.77,0.67,0.73,124.00951715303992,124.00951715303992,376.0,376.0
2021-06-05,0.74,0.65,0.81,0.68,0.75,122.58869307208711,122.58869307208711,370.0,370.0
2021-06-06,0.78,0.6900000000000001,0.85,0.73,0.8,122.69104936185552,122.69104936185552,271.0,271.0
2021-06-07,0.8300000000000001,0.73,0.9,0.78,0.85,124.1582872311914,124.1582872311914,153.0,153.0
2021-06-08,0.88,0.78,0.9500000000000001,0.8300000000000001,0.9,126.81708879460807,126.81708879460807,185.0,185.0
2021-06-09,0.93,0.8200000000000001,1.0,0.86,0.9400000000000001,130.46741987211095,130.46741987211095,194.0,194.0
2021-06-10,0.98,0.88,1.06,0.92,1.0,134.8747207121823,134.8747207121823,166.0,166.0
2021-06-11,1.03,0.93,1.11,0.97,1.05,139.77175177214863,139.77175177214863,205.0,205.0
2021-06-12,1.07,0.96,1.1500000000000001,1.01,1.09,144.87320267244922,144.87320267244922,198.0,198.0
2021-06-13,1.11,1.0,1.19,1.05,1.1300000000000001,149.90198209680136,149.90198209680136,256.0,256.0
2021-06-14,1.1300000000000001,1.03,1.22,1.07,1.1500000000000001,154.6218610386949,154.6218610386949,214.0,214.0
2021-06-15,1.1500000000000001,1.04,1.23,1.09,1.17,158.86853027940154,158.86853027940154,124.0,124.0
2021-06-16,1.16,1.05,1.24,1.1,1.18,162.57127409412246,162.57127409412246,99.0,99.0
2021-06-17,1.16,1.05,1.24,1.1,1.18,165.7603492401507,165.7603492401507,97.0,97.0
2021-06-18,1.1500000000000001,1.04,1.23,1.09,1.17,168.55965167749972,168.55965167749972,122.0,122.0
2021-06-19,1.1400000000000001,1.03,1.22,1.08,1.16,171.16860933847616,171.16860933847616,167.0,167.0
2021-06-20,1.1300000000000001,1.03,1.21,1.07,1.1500000000000001,173.83986105541854,173.83986105541854,114.0,114.0
2021-06-21,1.12,1.02,1.2,1.05,1.1300000000000001,176.8593182822368,176.8593182822368,84.0,84.0
2021-06-22,1.11,1.01,1.19,1.05,1.1300000000000001,180.53278455649618,180.53278455649618,195.0,195.0
2021-06-23,1.11,1.01,1.19,1.05,1.1300000000000001,185.17940556432964,185.17940556432964,159.0,159.0
2021-06-24,1.12,1.01,1.19,1.05,1.1300000000000001,191.12830263477838,191.12830263477838,108.0,108.0
2021-06-25,1.1300000000000001,1.02,1.2,1.06,1.1400000000000001,198.71227846488506,198.71227846488506,270.0,270.0
2021-06-26,1.1500000000000001,1.04,1.22,1.11,1.18,208.25249610644278,208.25249610644278,160.0,160.0
2021-06-27,1.18,1.07,1.25,1.1400000000000001,1.21,220.03074550063295,220.03074550063295,138.0,138.0
2021-06-28,1.21,1.12,1.29,1.17,1.24,234.25064186123902,234.25064186123902,88.0,88.0
2021-06-29,1.25,1.16,1.33,1.21,1.28,250.99441510866083,250.99441510866083,115.0,115.0
2021-06-30,1.29,1.2,1.37,1.25,1.32,270.18606858367946,270.18606858367946,131.0,131.0
2021-07-01,1.33,1.24,1.41,1.29,1.36,291.5730128944141,291.5730128944141,174.0,174.0
2021-07-02,1.37,1.28,1.45,1.33,1.4000000000000001,314.73593998712886,314.73593998712886,351.0,351.0
2021-07-03,1.4000000000000001,1.31,1.48,1.36,1.43,339.1309070024718,339.1309070024718,142.0,142.0
2021-07-04,1.42,1.33,1.5,1.37,1.44,364.15970649697874,364.15970649697874,173.0,173.0
2021-07-05,1.43,1.33,1.5,1.3800000000000001,1.45,389.2567693362575,389.2567693362575,157.0,157.0
2021-07-06,1.43,1.35,1.51,1.3800000000000001,1.45,413.9753941532573,413.9753941532573,185.0,185.0
2021-07-07,1.42,1.33,1.49,1.37,1.44,438.05476772278536,438.05476772278536,140.0,140.0
2021-07-08,1.4000000000000001,1.31,1.47,1.35,1.42,461.45265871158557,461.45265871158557,237.0,237.0
2021-07-09,1.3800000000000001,1.3,1.45,1.32,1.3900000000000001,484.3361246787906,484.3361246787906,142.0,142.0
2021-07-10,1.35,1.27,1.42,1.31,1.37,507.03219905027174,507.03219905027174,180.0,180.0
2021-07-11,1.33,1.25,1.3900000000000001,1.29,1.35,529.94980311808,529.94980311808,243.0,243.0
2021-07-12,1.31,1.23,1.37,1.26,1.32,553.4906183467405,553.4906183467405,231.0,231.0
2021-07-13,1.29,1.21,1.35,1.24,1.3,577.9687166110132,577.9687166110132,234.0,234.0
2021-07-14,1.28,1.21,1.34,1.23,1.29,603.5560075731217,603.5560075731217,210.0,210.0
2021-07-15,1.27,1.19,1.32,1.22,1.28,630.2639667501037,630.2639667501037,509.0,509.0
2021-07-16,1.26,1.19,1.32,1.21,1.27,657.9635531951394,657.9635531951394,376.0,376.0
2021-07-17,1.26,1.18,1.31,1.23,1.28,686.4369498615107,686.4369498615107,396.0,396.0
2021-07-18,1.25,1.19,1.31,1.22,1.27,715.4486887109442,715.4486887109442,295.0,295.0
2021-07-19,1.25,1.18,1.3,1.21,1.26,744.8209792244036,744.8209792244036,426.0,426.0
2021-07-20,1.24,1.18,1.3,1.21,1.26,774.498759487825,774.498759487825,460.0,460.0
2021-07-21,1.24,1.17,1.29,1.2,1.25,804.5933645430323,804.5933645430323,362.0,362.0
2021-07-22,1.23,1.16,1.28,1.19,1.24,835.3984740616,835.3984740616,371.0,371.0
2021-07-23,1.23,1.17,1.28,1.19,1.24,867.3768239821793,867.3768239821793,530.0,530.0
2021-07-24,1.23,1.16,1.27,1.18,1.23,901.1200390429394,901.1200390429394,505.0,505.0
2021-07-25,1.22,1.16,1.27,1.18,1.23,937.2864089516836,937.2864089516836,573.0,573.0
2021-07-26,1.23,1.16,1.27,1.18,1.23,976.5226314004805,976.5226314004805,402.0,402.0
2021-07-27,1.23,1.16,1.27,1.19,1.24,1019.376114919795,1019.376114919795,618.0,618.0
2021-07-28,1.24,1.17,1.28,1.19,1.24,1066.2052296170461,1066.2052296170461,760.0,760.0
2021-07-29,1.24,1.18,1.29,1.2,1.25,1117.0965347384974,1117.0965347384974,554.0,554.0
2021-07-30,1.25,1.2,1.3,1.21,1.26,1171.8003458937335,1171.8003458937335,689.0,689.0
2021-07-31,1.26,1.21,1.31,1.22,1.27,1229.6977834621773,1229.6977834621773,713.0,713.0
2021-08-01,1.27,1.21,1.31,1.22,1.27,1289.8116016831673,1289.8116016831673,752.0,752.0
2021-08-02,1.27,1.21,1.31,1.25,1.29,1350.8677937472023,1350.8677937472023,667.0,667.0
2021-08-03,1.27,1.21,1.31,1.24,1.28,1411.4050192667048,1411.4050192667048,798.0,798.0
2021-08-04,1.27,1.21,1.31,1.24,1.28,1469.9167167495482,1469.9167167495482,867.0,867.0
2021-08-05,1.26,1.21,1.3,1.23,1.27,1525.000867817518,1525.000867817518,1022.0,1022.0
2021-08-06,1.24,1.19,1.28,1.21,1.25,1575.4893558065687,1575.4893558065687,776.0,776.0
2021-08-07,1.22,1.17,1.26,1.19,1.23,1620.5347365931686,1620.5347365931686,959.0,959.0
2021-08-08,1.2,1.1500000000000001,1.24,1.17,1.21,1659.6449946241125,1659.6449946241125,694.0,694.0
2021-08-09,1.18,1.12,1.21,1.1400000000000001,1.18,1692.6712433080163,1692.6712433080163,908.0,908.0
2021-08-10,1.16,1.11,1.19,1.12,1.16,1719.7636482818996,1719.7636482818996,743.0,743.0
2021-08-11,1.1300000000000001,1.09,1.17,1.1,1.1400000000000001,1741.313932467361,1741.313932467361,1385.0,1385.0
2021-08-12,1.11,1.06,1.1400000000000001,1.07,1.11,1757.8992606829736,1757.8992606829736,1229.0,1229.0
2021-08-13,1.09,1.04,1.12,1.05,1.09,1770.2353402169222,1770.2353402169222,1316.0,1316.0
2021-08-14,1.07,1.02,1.1,1.03,1.07,1779.139675241332,1779.139675241332,1251.0,1251.0
2021-08-15,1.06,1.01,1.09,1.02,1.06,1785.5008990954866,1785.5008990954866,1111.0,1111.0
2021-08-16,1.04,0.99,1.07,1.02,1.05,1790.2470232673884,1790.2470232673884,1251.0,1251.0
2021-08-17,1.03,0.98,1.06,1.01,1.04,1794.3038173864597,1794.3038173864597,1571.0,1571.0
2021-08-18,1.03,0.97,1.05,1.01,1.04,1798.53468880424,1798.53468880424,1571.0,1571.0
2021-08-19,1.02,0.97,1.05,1.0,1.03,1803.6565929110143,1803.6565929110143,1655.0,1655.0
2021-08-20,1.02,0.97,1.05,1.0,1.03,1810.1336702428987,1810.1336702428987,1523.0,1523.0
2021-08-21,1.02,0.97,1.05,1.0,1.03,1818.060785315421,1818.060785315421,1459.0,1459.0
2021-08-22,1.02,0.98,1.05,1.0,1.03,1827.0600101964885,1827.0600101964885,1501.0,1501.0
2021-08-23,1.02,0.97,1.05,1.0,1.03,1836.2200422689066,1836.2200422689066,1451.0,1451.0
2021-08-24,1.02,0.97,1.05,1.0,1.03,1844.1076821898496,1844.1076821898496,2054.0,2054.0
2021-08-25,1.02,0.98,1.05,1.0,1.03,1848.8701444261503,1848.8701444261503,1427.0,1427.0
2021-08-26,1.02,0.98,1.05,1.0,1.03,1848.4285688143732,1848.4285688143732,2078.0,2078.0
2021-08-27,1.01,0.97,1.04,0.99,1.02,1840.7409405742774,1840.7409405742774,1829.0,1829.0
2021-08-28,1.0,0.96,1.03,0.98,1.01,1824.0926355057277,1824.0926355057277,1920.0,1920.0
2021-08-29,0.98,0.9400000000000001,1.01,0.96,0.99,1797.3608673106364,1797.3608673106364,1378.0,1378.0
2021-08-30,0.96,0.92,0.99,0.9400000000000001,0.97,1760.1995977745335,1760.1995977745335,1780.0,1780.0
2021-08-31,0.9400000000000001,0.9,0.97,0.92,0.9500000000000001,1713.1051555888778,1713.1051555888778,1732.0,1732.0
2021-09-01,0.91,0.87,0.9400000000000001,0.89,0.92,1657.347430662182,1657.347430662182,1762.0,1762.0
2021-09-02,0.89,0.85,0.92,0.86,0.89,1594.781203563587,1594.781203563587,1600.0,1600.0
2021-09-03,0.86,0.8200000000000001,0.89,0.84,0.87,1527.5789948223796,1527.5789948223796,1726.0,1726.0
2021-09-04,0.84,0.8,0.87,0.81,0.84,1457.9430595708404,1457.9430595708404,1558.0,1558.0
2021-09-05,0.8200000000000001,0.77,0.84,0.79,0.8200000000000001,1387.85496439388,1387.85496439388,1961.0,1961.0
2021-09-06,0.8,0.76,0.8300000000000001,0.77,0.8,1318.9065362306299,1318.9065362306299,1558.0,1558.0
2021-09-07,0.78,0.74,0.81,0.76,0.79,1252.2309027854437,1252.2309027854437,1776.0,1776.0
2021-09-08,0.77,0.73,0.8,0.75,0.78,1188.5251871178364,1188.5251871178364,2474.0,2474.0
2021-09-09,0.77,0.73,0.8,0.74,0.77,1128.1356902741118,1128.1356902741118,2243.0,2243.0
2021-09-10,0.76,0.72,0.79,0.74,0.77,1071.1676327158143,1071.1676327158143,1939.0,1939.0
2021-09-11,0.76,0.72,0.79,0.74,0.77,1017.5854684650852,1017.5854684650852,1865.0,1865.0
2021-09-12,0.76,0.71,0.79,0.74,0.77,967.2826338492632,967.2826338492632,1309.0,1309.0
2021-09-13,0.76,0.71,0.79,0.72,0.76,920.115112348928,920.115112348928,1243.0,1243.0
2021-09-14,0.76,0.71,0.79,0.72,0.76,875.9056094613102,875.9056094613102,1651.0,1651.0
2021-09-15,0.76,0.71,0.79,0.72,0.76,834.4313602118419,834.4313602118419,1757.0,1757.0
2021-09-16,0.76,0.72,0.8,0.73,0.77,795.4088658610008,795.4088658610008,1777.0,1777.0
2021-09-17,0.76,0.72,0.8,0.73,0.77,758.4856158957052,758.4856158957052,1462.0,1462.0
2021-09-18,0.77,0.71,0.8,0.73,0.77,723.2448418827258,723.2448418827258,1375.0,1375.0
2021-09-19,0.77,0.71,0.8,0.73,0.77,689.2261110662629,689.2261110662629,1259.0,1259.0
2021-09-20,0.77,0.71,0.8,0.73,0.77,655.9620825729157,655.9620825729157,1170.0,1170.0
2021-09-21,0.77,0.71,0.8,0.73,0.77,623.0291754514949,623.0291754514949,1417.0,1417.0
2021-09-22,0.76,0.71,0.8,0.73,0.77,590.1066740243109,590.1066740243109,1224.0,1224.0
2021-09-23,0.76,0.71,0.8,0.73,0.77,557.0353355282799,557.0353355282799,1052.0,1052.0
2021-09-24,0.75,0.6900000000000001,0.79,0.72,0.76,523.8641561475155,523.8641561475155,1231.0,1231.0
2021-09-25,0.74,0.68,0.78,0.71,0.75,490.8740191598817,490.8740191598817,1060.0,1060.0
2021-09-26,0.73,0.67,0.77,0.7000000000000001,0.74,458.57017477950893,458.57017477950893,955.0,955.0
2021-09-27,0.72,0.66,0.76,0.6900000000000001,0.73,427.64131517703294,427.64131517703294,793.0,793.0
2021-09-28,0.71,0.65,0.75,0.68,0.72,398.8897157182976,398.8897157182976,895.0,895.0
2021-09-29,0.7000000000000001,0.64,0.74,0.66,0.71,373.1423897114469,373.1423897114469,863.0,863.0
2021-09-30,0.7000000000000001,0.63,0.74,0.65,0.7000000000000001,351.15582162017216,351.15582162017216,763.0,763.0
2021-10-01,0.7000000000000001,0.64,0.75,0.66,0.71,333.5262098778825,333.5262098778825,779.0,779.0
2021-10-02,0.72,0.65,0.76,0.68,0.73,320.61429572947605,320.61429572947605,768.0,768.0
2021-10-03,0.74,0.68,0.79,0.7000000000000001,0.75,312.49071495282004,312.49071495282004,620.0,620.0
2021-10-04,0.77,0.7000000000000001,0.8200000000000001,0.73,0.78,308.90613609693935,308.90613609693935,853.0,853.0
2021-10-05,0.81,0.75,0.87,0.78,0.8300000000000001,309.2906338981818,309.2906338981818,595.0,595.0
2021-10-06,0.86,0.78,0.91,0.8300000000000001,0.88,312.78730256073095,312.78730256073095,623.0,623.0
2021-10-07,0.91,0.8300000000000001,0.96,0.86,0.92,318.3234056230896,318.3234056230896,721.0,721.0
2021-10-08,0.96,0.89,1.02,0.91,0.97,324.71646656694855,324.71646656694855,632.0,632.0
2021-10-09,1.0,0.92,1.06,0.9500000000000001,1.01,330.80331510995813,330.80331510995813,537.0,537.0
2021-10-10,1.03,0.9500000000000001,1.09,0.98,1.04,335.5709231348169,335.5709231348169,542.0,542.0
2021-10-11,1.05,0.97,1.11,1.0,1.06,338.2638185044225,338.2638185044225,441.0,441.0
2021-10-12,1.05,0.97,1.11,1.01,1.07,338.4470550479101,338.4470550479101,406.0,406.0
2021-10-13,1.05,0.97,1.11,1.0,1.06,336.0152360376257,336.0152360376257,32.0,32.0
2021-10-14,1.03,0.9500000000000001,1.09,0.98,1.04,331.152346845495,331.152346845495,82.0,82.0
2021-10-15,1.0,0.92,1.06,0.9500000000000001,1.01,324.25848303056307,324.25848303056307,539.0,539.0
2021-10-16,0.97,0.89,1.03,0.93,0.99,315.8642327159127,315.8642327159127,411.0,411.0
2021-10-17,0.9400000000000001,0.86,1.0,0.9,0.96,306.55117187641497,306.55117187641497,438.0,438.0
2021-10-18,0.92,0.8300000000000001,0.97,0.87,0.93,296.8901261319957,296.8901261319957,232.0,232.0
2021-10-19,0.89,0.8300000000000001,0.96,0.85,0.91,287.40096126655516,287.40096126655516,393.0,393.0
2021-10-20,0.88,0.81,0.9400000000000001,0.8300000000000001,0.89,278.5313906723806,278.5313906723806,378.0,378.0
2021-10-21,0.87,0.8,0.93,0.8200000000000001,0.88,270.6488967529636,270.6488967529636,381.0,381.0
2021-10-22,0.86,0.79,0.92,0.81,0.87,264.03932432754414,264.03932432754414,440.0,440.0
2021-10-23,0.86,0.78,0.92,0.81,0.87,258.90720731796335,258.90720731796335,338.0,338.0
2021-10-24,0.87,0.79,0.93,0.8200000000000001,0.88,255.3753457122102,255.3753457122102,279.0,279.0
2021-10-25,0.88,0.8,0.9400000000000001,0.84,0.9,253.48354657751747,253.48354657751747,271.0,271.0
2021-10-26,0.9,0.8200000000000001,0.96,0.86,0.92,253.18808183656296,253.18808183656296,378.0,378.0
2021-10-27,0.92,0.85,0.99,0.88,0.9400000000000001,254.36402447603746,254.36402447603746,325.0,325.0
2021-10-28,0.9500000000000001,0.86,1.01,0.91,0.97,256.81232367502764,256.81232367502764,384.0,384.0
2021-10-29,0.98,0.89,1.04,0.93,0.99,260.2726073359686,260.2726073359686,348.0,348.0
2021-10-30,1.0,0.91,1.06,0.96,1.02,264.44160085946106,264.44160085946106,270.0,270.0
2021-10-31,1.02,0.9400000000000001,1.09,0.99,1.05,268.99594219756756,268.99594219756756,255.0,255.0
2021-11-01,1.04,0.96,1.11,1.01,1.07,273.61717450241724,273.61717450241724,318.0,318.0
2021-11-02,1.06,0.98,1.1300000000000001,1.0,1.07,278.0159524359347,278.0159524359347,276.0,276.0
2021-11-03,1.07,0.99,1.1400000000000001,1.01,1.08,281.9522523154233,281.9522523154233,246.0,246.0
2021-11-04,1.07,0.99,1.1400000000000001,1.01,1.08,285.24889807837843,285.24889807837843,340.0,340.0
2021-11-05,1.07,0.99,1.1400000000000001,1.01,1.08,287.7970791333194,287.7970791333194,227.0,227.0
2021-11-06,1.07,0.98,1.1300000000000001,1.01,1.08,289.55443217628203,289.55443217628203,225.0,225.0
2021-11-07,1.06,0.98,1.1300000000000001,1.03,1.09,290.5380086951773,290.5380086951773,245.0,245.0
2021-11-08,1.05,0.96,1.11,1.01,1.07,290.81528722751284,290.81528722751284,256.0,256.0
2021-11-09,1.04,0.9500000000000001,1.1,1.0,1.06,290.49587145814394,290.49587145814394,245.0,245.0
2021-11-10,1.03,0.9400000000000001,1.09,0.99,1.05,289.7248195196021,289.7248195196021,318.0,318.0
2021-11-11,1.02,0.93,1.08,0.97,1.03,288.6764630823837,288.6764630823837,276.0,276.0
2021-11-12,1.01,0.92,1.07,0.96,1.02,287.5461463726767,287.5461463726767,254.0,254.0
2021-11-13,1.0,0.91,1.06,0.96,1.02,286.5373393815987,286.5373393815987,305.0,305.0
2021-11-14,0.99,0.92,1.06,0.9500000000000001,1.01,285.8431734953748,285.8431734953748,325.0,325.0
2021-11-15,0.99,0.92,1.06,0.9500000000000001,1.01,285.6239567953419,285.6239567953419,220.0,220.0
2021-11-16,0.99,0.92,1.06,0.9500000000000001,1.01,285.9845225154976,285.9845225154976,236.0,236.0
2021-11-17,0.99,0.92,1.06,0.9500000000000001,1.01,286.956295383319,286.956295383319,221.0,221.0
2021-11-18,1.0,0.93,1.07,0.96,1.02,288.4882610774991,288.4882610774991,327.0,327.0
2021-11-19,1.01,0.93,1.07,0.96,1.02,290.4489159914879,290.4489159914879,356.0,356.0
2021-11-20,1.01,0.9400000000000001,1.08,0.97,1.03,292.63866191720786,292.63866191720786,367.0,367.0
2021-11-21,1.02,0.93,1.08,0.98,1.04,294.8099974307362,294.8099974307362,271.0,271.0
2021-11-22,1.03,0.9400000000000001,1.09,0.98,1.04,296.6918709010619,296.6918709010619,246.0,246.0
2021-11-23,1.03,0.9400000000000001,1.09,0.99,1.05,298.01472793651817,298.01472793651817,262.0,262.0
2021-11-24,1.03,0.9400000000000001,1.09,0.99,1.05,298.53366203421984,298.53366203421984,270.0,270.0
2021-11-25,1.02,0.93,1.08,0.98,1.04,298.04807712495267,298.04807712495267,263.0,263.0
2021-11-26,1.02,0.9400000000000001,1.08,0.97,1.03,296.41699519830615,296.41699519830615,369.0,369.0
2021-11-27,1.01,0.93,1.07,0.96,1.02,293.56950568480084,293.56950568480084,227.0,227.0
2021-11-28,0.99,0.92,1.06,0.9500000000000001,1.01,289.5100026997658,289.5100026997658,262.0,262.0
2021-11-29,0.97,0.9,1.04,0.93,0.99,284.3179956126896,284.3179956126896,279.0,279.0
2021-11-30,0.96,0.88,1.02,0.91,0.97,278.1425343729824,278.1425343729824,311.0,311.0
2021-12-01,0.9400000000000001,0.86,1.0,0.89,0.9500000000000001,271.19167603065307,271.19167603065307,292.0,292.0
2021-12-02,0.92,0.84,0.98,0.87,0.93,263.71786231700895,263.71786231700895,262.0,262.0
2021-12-03,0.9,0.8200000000000001,0.96,0.86,0.92,256.00047217650103,256.00047217650103,291.0,291.0
2021-12-04,0.89,0.81,0.9500000000000001,0.84,0.9,248.32704953705866,248.32704953705866,344.0,344.0
2021-12-05,0.88,0.8,0.9400000000000001,0.8300000000000001,0.89,240.9747109655937,240.9747109655937,261.0,261.0
2021-12-06,0.87,0.79,0.93,0.8200000000000001,0.88,234.19300523118548,234.19300523118548,243.0,243.0
2021-12-07,0.86,0.79,0.93,0.8200000000000001,0.88,228.18911137201303,228.18911137201303,388.0,388.0
2021-12-08,0.86,0.79,0.93,0.8200000000000001,0.88,223.1158765576268,223.1158765576268,291.0,291.0
2021-12-09,0.87,0.79,0.93,0.8300000000000001,0.89,219.0629675539554,219.0629675539554,275.0,275.0
2021-12-10,0.88,0.79,0.9400000000000001,0.8300000000000001,0.89,216.0514216657663,216.0514216657663,279.0,279.0
2021-12-11,0.89,0.8,0.9500000000000001,0.85,0.91,214.0320848520942,214.0320848520942,345.0,345.0
2021-12-12,0.9,0.8200000000000001,0.97,0.87,0.93,212.8886374396982,212.8886374396982,243.0,243.0
2021-12-13,0.92,0.8300000000000001,0.98,0.86,0.93,212.44589225035907,212.44589225035907,276.0,276.0
2021-12-14,0.9400000000000001,0.85,1.0,0.88,0.9500000000000001,212.4836208515412,212.4836208515412,285.0,285.0
2021-12-15,0.9500000000000001,0.87,1.02,0.89,0.96,212.75530477457667,212.75530477457667,279.0,279.0
2021-12-16,0.97,0.87,1.03,0.91,0.98,213.01012779292066,213.01012779292066,249.0,249.0
2021-12-17,0.98,0.88,1.04,0.92,0.99,213.0156019189245,213.0156019189245,272.0,272.0
2021-12-18,0.99,0.89,1.05,0.93,1.0,212.57784345024893,212.57784345024893,248.0,248.0
2021-12-19,0.99,0.9,1.06,0.93,1.0,211.55688863238447,211.55688863238447,216.0,216.0
2021-12-20,0.99,0.89,1.05,0.93,1.0,209.8754570216413,209.8754570216413,225.0,225.0
2021-12-21,0.98,0.89,1.05,0.93,1.0,207.5208687476136,207.5208687476136,213.0,213.0
2021-12-22,0.97,0.88,1.04,0.92,0.99,204.5409661739184,204.5409661739184,192.0,192.0
2021-12-23,0.96,0.87,1.03,0.91,0.98,201.0355985469808,201.0355985469808,222.0,222.0
2021-12-24,0.9500000000000001,0.86,1.02,0.89,0.96,197.14546709535077,197.14546709535077,263.0,263.0
2021-12-25,0.9400000000000001,0.84,1.0,0.88,0.9500000000000001,193.0400381880581,193.0400381880581,210.0,210.0
2021-12-26,0.93,0.8300000000000001,0.99,0.87,0.9400000000000001,188.90596026604854,188.90596026604854,247.0,247.0
2021-12-27,0.92,0.8200000000000001,0.98,0.86,0.93,184.93701017685288,184.93701017685288,197.0,197.0
2021-12-28,0.91,0.8200000000000001,0.98,0.85,0.92,181.32602364033832,181.32602364033832,183.0,183.0
2021-12-29,0.91,0.81,0.97,0.85,0.92,178.2585747380522,178.2585747380522,178.0,178.0
2021-12-30,0.91,0.81,0.97,0.85,0.92,175.9075520510107,175.9075520510107,328.0,328.0
2021-12-31,0.91,0.8200000000000001,0.98,0.86,0.93,174.4275137182209,174.4275137182209,238.0,238.0
2022-01-01,0.92,0.8300000000000001,0.99,0.87,0.9400000000000001,173.94798120985513,173.94798120985513,206.0,206.0
2022-01-02,0.93,0.85,1.01,0.88,0.9500000000000001,174.56560376374844,174.56560376374844,166.0,166.0
2022-01-03,0.9500000000000001,0.87,1.03,0.9,0.97,176.33610609116346,176.33610609116346,160.0,160.0
2022-01-04,0.98,0.88,1.05,0.92,0.99,179.2677564936352,179.2677564936352,230.0,230.0
2022-01-05,1.0,0.9,1.07,0.9500000000000001,1.02,183.31851679372357,183.31851679372357,222.0,222.0
2022-01-06,1.03,0.93,1.1,0.98,1.05,188.39902821003537,188.39902821003537,222.0,222.0
2022-01-07,1.06,0.96,1.1300000000000001,1.01,1.08,194.38325634448242,194.38325634448242,219.0,219.0
2022-01-08,1.09,0.99,1.16,1.04,1.11,201.12804207444682,201.12804207444682,169.0,169.0
2022-01-09,1.12,1.02,1.19,1.07,1.1400000000000001,208.50191904302866,208.50191904302866,186.0,186.0
2022-01-10,1.1400000000000001,1.05,1.22,1.1,1.17,216.42221715142293,216.42221715142293,165.0,165.0
2022-01-11,1.16,1.07,1.24,1.12,1.19,224.89767149537985,224.89767149537985,197.0,197.0
2022-01-12,1.18,1.09,1.26,1.1300000000000001,1.2,234.07185709420602,234.07185709420602,179.0,179.0
2022-01-13,1.2,1.1,1.27,1.1500000000000001,1.22,244.26149375222025,244.26149375222025,164.0,164.0
2022-01-14,1.21,1.12,1.29,1.16,1.23,255.9837722242205,255.9837722242205,198.0,198.0
2022-01-15,1.23,1.1300000000000001,1.3,1.18,1.25,269.9686291621324,269.9686291621324,200.0,200.0
2022-01-16,1.25,1.16,1.33,1.2,1.27,287.15479751219107,287.15479751219107,178.0,178.0
2022-01-17,1.28,1.19,1.36,1.23,1.3,308.67119782069614,308.67119782069614,84.0,84.0
2022-01-18,1.33,1.22,1.3900000000000001,1.27,1.34,335.8063780560789,335.8063780560789,201.0,201.0
2022-01-19,1.3800000000000001,1.28,1.45,1.32,1.3900000000000001,369.9674406049519,369.9674406049519,147.0,147.0
2022-01-20,1.44,1.36,1.52,1.3900000000000001,1.46,412.62656364482535,412.62656364482535,225.0,225.0
2022-01-21,1.51,1.43,1.59,1.46,1.53,465.2493753774313,465.2493753774313,310.0,310.0
2022-01-22,1.59,1.5,1.6600000000000001,1.54,1.61,529.1973434430994,529.1973434430994,249.0,249.0
2022-01-23,1.68,1.59,1.75,1.62,1.69,605.5982052421199,605.5982052421199,206.0,206.0
2022-01-24,1.76,1.6600000000000001,1.82,1.7,1.77,695.1855503097399,695.1855503097399,222.0,222.0
2022-01-25,1.83,1.73,1.8900000000000001,1.77,1.84,798.1205072367335,798.1205072367335,219.0,219.0
2022-01-26,1.8800000000000001,1.8,1.95,1.82,1.8900000000000001,913.8224255508712,913.8224255508712,183.0,183.0
2022-01-27,1.9100000000000001,1.82,1.97,1.87,1.93,1040.8467859683765,1040.8467859683765,396.0,396.0
2022-01-28,1.92,1.84,1.98,1.8800000000000001,1.94,1176.8516949491666,1176.8516949491666,242.0,242.0
2022-01-29,1.9100000000000001,1.82,1.96,1.86,1.92,1318.6847507221617,1318.6847507221617,245.0,245.0
2022-01-30,1.87,1.79,1.92,1.82,1.8800000000000001,1462.599037238385,1462.599037238385,326.0,326.0
2022-01-31,1.81,1.74,1.86,1.78,1.83,1604.5752256909896,1604.5752256909896,304.0,304.0
2022-02-01,1.74,1.67,1.79,1.7,1.75,1740.6960400370288,1740.6960400370288,426.0,426.0
2022-02-02,1.6600000000000001,1.6,1.71,1.62,1.67,1867.5013114694461,1867.5013114694461,433.0,433.0
2022-02-03,1.58,1.52,1.62,1.54,1.59,1982.2548805723434,1982.2548805723434,387.0,387.0
2022-02-04,1.5,1.44,1.54,1.47,1.51,2083.079350766827,2083.079350766827,360.0,360.0
2022-02-05,1.42,1.37,1.46,1.3900000000000001,1.43,2168.9528977788536,2168.9528977788536,522.0,522.0
2022-02-06,1.35,1.3,1.3900000000000001,1.32,1.36,2239.6000039129467,2239.6000039129467,542.0,542.0
2022-02-07,1.29,1.25,1.33,1.25,1.29,2295.331477002199,2295.331477002199,693.0,693.0
2022-02-08,1.23,1.19,1.27,1.2,1.24,2336.891089965142,2336.891089965142,1023.0,1023.0
2022-02-09,1.18,1.1300000000000001,1.21,1.16,1.19,2365.3483946482797,2365.3483946482797,1010.0,1010.0
2022-02-10,1.1400000000000001,1.1,1.17,1.12,1.1500000000000001,2382.049037922436,2382.049037922436,1267.0,1267.0
2022-02-11,1.1,1.06,1.1300000000000001,1.08,1.11,2388.6072875037494,2388.6072875037494,1490.0,1490.0
2022-02-12,1.07,1.03,1.1,1.05,1.08,2386.909752316439,2386.909752316439,1574.0,1574.0
2022-02-13,1.04,1.0,1.07,1.02,1.05,2379.097574889646,2379.097574889646,1566.0,1566.0
2022-02-14,1.02,0.98,1.05,1.0,1.03,2367.5037100512814,2367.5037100512814,1010.0,1010.0
2022-02-15,1.0,0.96,1.03,0.98,1.01,2354.5362381890654,2354.5362381890654,1681.0,1681.0
2022-02-16,0.99,0.9500000000000001,1.02,0.97,1.0,2342.5126395880206,2342.5126395880206,2142.0,2142.0
2022-02-17,0.99,0.9400000000000001,1.01,0.96,0.99,2333.461088570251,2333.461088570251,1999.0,1999.0
2022-02-18,0.98,0.9400000000000001,1.01,0.96,0.99,2328.91304505793,2328.91304505793,2088.0,2088.0
2022-02-19,0.99,0.9400000000000001,1.01,0.96,0.99,2329.7169645622325,2329.7169645622325,2186.0,2186.0
2022-02-20,0.99,0.9500000000000001,1.02,0.96,0.99,2335.904626215416,2335.904626215416,1811.0,1811.0
2022-02-21,1.0,0.9500000000000001,1.02,0.97,1.0,2346.63702768594,2346.63702768594,1752.0,1752.0
2022-02-22,1.01,0.96,1.03,0.98,1.01,2360.244636186318,2360.244636186318,2601.0,2601.0
2022-02-23,1.01,0.97,1.04,0.99,1.02,2374.3589723156106,2374.3589723156106,2575.0,2575.0
2022-02-24,1.02,0.97,1.04,0.99,1.02,2386.1147342295712,2386.1147342295712,2575.0,2575.0
2022-02-25,1.02,0.98,1.05,0.99,1.02,2392.3909094302744,2392.3909094302744,2531.0,2531.0
2022-02-26,1.02,0.97,1.04,0.99,1.02,2390.0596722594446,2390.0596722594446,2435.0,2435.0
2022-02-27,1.01,0.96,1.03,0.98,1.01,2376.2215759727596,2376.2215759727596,1548.0,1548.0
2022-02-28,0.99,0.9500000000000001,1.02,0.97,1.0,2348.417649960538,2348.417649960538,1728.0,1728.0
2022-03-01,0.97,0.93,1.0,0.9500000000000001,0.98,2304.815661398674,2304.815661398674,2377.0,2377.0
2022-03-02,0.9500000000000001,0.9,0.97,0.92,0.9500000000000001,2244.3655379284137,2244.3655379284137,2422.0,2422.0
2022-03-03,0.92,0.87,0.9400000000000001,0.89,0.92,2166.9110603341733,2166.9110603341733,2488.0,2488.0
2022-03-04,0.89,0.85,0.91,0.86,0.89,2073.2390330235776,2073.2390330235776,2592.0,2592.0
2022-03-05,0.85,0.8200000000000001,0.88,0.8200000000000001,0.85,1965.0496670283535,1965.0496670283535,2621.0,2621.0
2022-03-06,0.81,0.78,0.84,0.79,0.8200000000000001,1844.8436400059247,1844.8436400059247,1663.0,1663.0
2022-03-07,0.78,0.74,0.8,0.75,0.78,1715.7370826093093,1715.7370826093093,1836.0,1836.0
2022-03-08,0.74,0.7000000000000001,0.76,0.71,0.74,1581.22838638653,1581.22838638653,2425.0,2425.0
2022-03-09,0.7000000000000001,0.67,0.73,0.68,0.71,1444.945792752591,1444.945792752591,2462.0,2462.0
2022-03-10,0.67,0.63,0.6900000000000001,0.64,0.67,1310.4026594657396,1310.4026594657396,2773.0,2773.0
2022-03-11,0.64,0.6,0.66,0.61,0.64,1180.7818236954697,1180.7818236954697,2750.0,2750.0
2022-03-12,0.61,0.58,0.64,0.59,0.62,1058.7650459103263,1058.7650459103263,2533.0,2533.0
2022-03-13,0.59,0.55,0.61,0.56,0.59,946.4189531495424,946.4189531495424,1548.0,1548.0
2022-03-14,0.5700000000000001,0.53,0.6,0.54,0.5700000000000001,845.1437655725789,845.1437655725789,2137.0,2137.0
2022-03-15,0.56,0.51,0.58,0.53,0.56,755.6839401038097,755.6839401038097,2324.0,2324.0
2022-03-16,0.55,0.51,0.58,0.52,0.55,678.1912035422886,678.1912035422886,2441.0,2441.0
2022-03-17,0.55,0.51,0.58,0.52,0.55,612.3228245645469,612.3228245645469,2315.0,2315.0
2022-03-18,0.55,0.51,0.58,0.53,0.56,557.3543711983895,557.3543711983895,2306.0,2306.0
2022-03-19,0.56,0.51,0.59,0.53,0.5700000000000001,512.2881142727753,512.2881142727753,1928.0,1928.0
2022-03-20,0.58,0.53,0.61,0.54,0.58,475.9448132215466,475.9448132215466,1772.0,1772.0
2022-03-21,0.6,0.55,0.64,0.5700000000000001,0.61,447.03519643073565,447.03519643073565,1310.0,1310.0
2022-03-22,0.63,0.58,0.67,0.6,0.64,424.21491308565567,424.21491308565567,1295.0,1295.0
2022-03-23,0.66,0.6,0.7000000000000001,0.63,0.67,406.13082092075723,406.13082092075723,1299.0,1299.0
2022-03-24,0.7000000000000001,0.64,0.74,0.67,0.71,391.4664414197143,391.4664414197143,1577.0,1577.0
2022-03-25,0.73,0.66,0.77,0.6900000000000001,0.74,378.9910253662202,378.9910253662202,1277.0,1277.0
2022-03-26,0.76,0.7000000000000001,0.81,0.72,0.77,367.6116845336662,367.6116845336662,1145.0,1145.0
2022-03-27,0.79,0.73,0.84,0.74,0.79,356.42346300257,356.42346300257,990.0,990.0
2022-03-28,0.8,0.73,0.85,0.77,0.8200000000000001,344.7495876333315,344.7495876333315,640.0,640.0
2022-03-29,0.8200000000000001,0.75,0.87,0.78,0.8300000000000001,332.1641195679416,332.1641195679416,679.0,679.0
2022-03-30,0.8200000000000001,0.75,0.87,0.78,0.8300000000000001,318.49161187237354,318.49161187237354,684.0,684.0
2022-03-31,0.8200000000000001,0.75,0.87,0.78,0.8300000000000001,303.7823568099683,303.7823568099683,790.0,790.0
2022-04-01,0.81,0.74,0.86,0.77,0.8200000000000001,288.2663245034023,288.2663245034023,730.0,730.0
2022-04-02,0.79,0.71,0.84,0.76,0.81,272.2928647733752,272.2928647733752,440.0,440.0
2022-04-03,0.78,0.7000000000000001,0.8300000000000001,0.75,0.8,256.2656835684243,256.2656835684243,572.0,572.0
2022-04-04,0.76,0.68,0.81,0.71,0.77,240.5828464628923,240.5828464628923,414.0,414.0
2022-04-05,0.75,0.67,0.8,0.6900000000000001,0.75,225.58953545440744,225.58953545440744,457.0,457.0
2022-04-06,0.73,0.66,0.79,0.68,0.74,211.54768140684652,211.54768140684652,508.0,508.0
2022-04-07,0.72,0.65,0.78,0.67,0.73,198.62267021416955,198.62267021416955,620.0,620.0
2022-04-08,0.72,0.65,0.78,0.67,0.73,186.88436917029074,186.88436917029074,525.0,525.0
2022-04-09,0.72,0.63,0.77,0.67,0.73,176.31848127531802,176.31848127531802,372.0,372.0
2022-04-10,0.72,0.64,0.78,0.67,0.73,166.84460208356916,166.84460208356916,355.0,355.0
2022-04-11,0.72,0.64,0.78,0.68,0.74,158.3385321750118,158.3385321750118,309.0,309.0
2022-04-12,0.73,0.65,0.79,0.68,0.74,150.6574006818643,150.6574006818643,355.0,355.0
2022-04-13,0.74,0.65,0.8,0.7000000000000001,0.76,143.6663304246902,143.6663304246902,345.0,345.0
2022-04-14,0.74,0.66,0.81,0.71,0.77,137.26469948545562,137.26469948545562,340.0,340.0
2022-04-15,0.75,0.67,0.8200000000000001,0.6900000000000001,0.76,131.40906308822554,131.40906308822554,302.0,302.0
2022-04-16,0.76,0.67,0.8300000000000001,0.71,0.78,126.12923130745395,126.12923130745395,359.0,359.0
2022-04-17,0.77,0.68,0.84,0.72,0.79,121.53435265995694,121.53435265995694,200.0,200.0
2022-04-18,0.78,0.7000000000000001,0.86,0.73,0.8,117.80710943695675,117.80710943695675,166.0,166.0
2022-04-19,0.8,0.7000000000000001,0.87,0.75,0.8200000000000001,115.18577152306042,115.18577152306042,237.0,237.0
2022-04-20,0.8200000000000001,0.72,0.89,0.77,0.84,113.93520535323206,113.93520535323206,204.0,204.0
2022-04-21,0.85,0.75,0.92,0.8,0.87,114.30862770633979,114.30862770633979,193.0,193.0
2022-04-22,0.88,0.77,0.9500000000000001,0.81,0.89,116.50220703219608,116.50220703219608,223.0,223.0
2022-04-23,0.92,0.8200000000000001,1.0,0.86,0.9400000000000001,120.6054017286956,120.6054017286956,169.0,169.0
2022-04-24,0.98,0.88,1.06,0.91,0.99,126.55204927884031,126.55204927884031,179.0,179.0
2022-04-25,1.03,0.93,1.12,0.97,1.05,134.08069345848548,134.08069345848548,165.0,165.0
2022-04-26,1.1,0.99,1.18,1.04,1.12,142.7160063597109,142.7160063597109,125.0,125.0
2022-04-27,1.16,1.05,1.24,1.1,1.18,151.78379874508468,151.78379874508468,188.0,188.0
2022-04-28,1.21,1.09,1.29,1.1500000000000001,1.23,160.4676053119278,160.4676053119278,224.0,224.0
2022-04-29,1.24,1.1300000000000001,1.33,1.19,1.27,167.90484112347687,167.90484112347687,209.0,209.0
2022-04-30,1.26,1.1400000000000001,1.34,1.21,1.29,173.30780920138398,173.30780920138398,146.0,146.0
2022-05-01,1.25,1.1400000000000001,1.34,1.2,1.28,176.08444596010906,176.08444596010906,97.0,97.0
2022-05-02,1.23,1.12,1.31,1.17,1.25,175.9305166504911,175.9305166504911,103.0,103.0
2022-05-03,1.18,1.07,1.26,1.12,1.2,172.87109787291533,172.87109787291533,83.0,83.0
2022-05-04,1.12,1.02,1.2,1.06,1.1400000000000001,167.24265837879557,167.24265837879557,60.0,60.0
2022-05-05,1.05,0.9500000000000001,1.1300000000000001,0.98,1.06,159.62284087982815,159.62284087982815,65.0,65.0
2022-05-06,0.98,0.87,1.05,0.9400000000000001,1.01,150.72749962813248,150.72749962813248,100.0,100.0
2022-05-07,0.91,0.8200000000000001,0.99,0.86,0.93,141.29988545903979,141.29988545903979,138.0,138.0
2022-05-08,0.85,0.75,0.92,0.8,0.87,132.01448768487558,132.01448768487558,156.0,156.0
2022-05-09,0.81,0.71,0.88,0.75,0.8200000000000001,123.41018236958081,123.41018236958081,151.0,151.0
2022-05-10,0.77,0.6900000000000001,0.85,0.72,0.79,115.85762517366764,115.85762517366764,174.0,174.0
2022-05-11,0.75,0.66,0.8200000000000001,0.7000000000000001,0.77,109.55758190740292,109.55758190740292,208.0,208.0
2022-05-12,0.74,0.66,0.8200000000000001,0.6900000000000001,0.76,104.56198299478594,104.56198299478594,192.0,192.0
2022-05-13,0.74,0.64,0.81,0.6900000000000001,0.76,100.80809986598615,100.80809986598615,229.0,229.0
2022-05-14,0.75,0.66,0.8300000000000001,0.7000000000000001,0.77,98.15736410785537,98.15736410785537,189.0,189.0
2022-05-15,0.77,0.68,0.85,0.73,0.8,96.43260359237047,96.43260359237047,171.0,171.0
2022-05-16,0.8,0.6900000000000001,0.87,0.73,0.81,95.44977520038064,95.44977520038064,151.0,151.0
2022-05-17,0.8300000000000001,0.73,0.91,0.76,0.84,95.04213073023588,95.04213073023588,123.0,123.0
2022-05-18,0.86,0.76,0.9400000000000001,0.79,0.87,95.07613024888099,95.07613024888099,145.0,145.0
2022-05-19,0.89,0.78,0.97,0.8300000000000001,0.91,95.45946435280325,95.45946435280325,114.0,114.0
2022-05-20,0.92,0.81,1.0,0.86,0.9400000000000001,96.14235152237472,96.14235152237472,119.0,119.0
2022-05-21,0.9500000000000001,0.85,1.04,0.89,0.97,97.1137951900239,97.1137951900239,126.0,126.0
2022-05-22,0.97,0.86,1.06,0.92,1.0,98.39461806411026,98.39461806411026,140.0,140.0
2022-05-23,1.0,0.88,1.08,0.9500000000000001,1.03,100.02880559894052,100.02880559894052,93.0,93.0
2022-05-24,1.02,0.91,1.11,0.9500000000000001,1.04,102.0740943033844,102.0740943033844,124.0,124.0
2022-05-25,1.04,0.93,1.1300000000000001,0.97,1.06,104.59207548412493,104.59207548412493,119.0,119.0
2022-05-26,1.06,0.96,1.16,0.99,1.08,107.63764911886948,107.63764911886948,117.0,117.0
2022-05-27,1.08,0.98,1.18,1.01,1.1,111.2476955825105,111.2476955825105,106.0,106.0
2022-05-28,1.11,1.0,1.2,1.04,1.1300000000000001,115.42940004115198,115.42940004115198,122.0,122.0
2022-05-29,1.1300000000000001,1.01,1.22,1.06,1.1500000000000001,120.14958082039115,120.14958082039115,90.0,90.0
2022-05-30,1.1500000000000001,1.05,1.25,1.08,1.17,125.32721862342336,125.32721862342336,94.0,94.0
2022-05-31,1.17,1.07,1.27,1.1,1.19,130.83163887660908,130.83163887660908,84.0,84.0
2022-06-01,1.19,1.09,1.29,1.12,1.21,136.48808646654808,136.48808646654808,113.0,113.0
2022-06-02,1.21,1.1,1.3,1.1300000000000001,1.22,142.0907595773121,142.0907595773121,125.0,125.0
2022-06-03,1.22,1.11,1.31,1.1400000000000001,1.23,147.4212369647076,147.4212369647076,111.0,111.0
2022-06-04,1.22,1.11,1.31,1.1400000000000001,1.23,152.2684804531713,152.2684804531713,110.0,110.0
2022-06-05,1.21,1.1,1.3,1.17,1.25,156.44602177383302,156.44602177383302,105.0,105.0
2022-06-06,1.2,1.09,1.29,1.1500000000000001,1.23,159.80289317805523,159.80289317805523,92.0,92.0
2022-06-07,1.19,1.09,1.28,1.1300000000000001,1.21,162.22701683768193,162.22701683768193,78.0,78.0
2022-06-08,1.16,1.06,1.25,1.11,1.19,163.64229505861024,163.64229505861024,89.0,89.0
2022-06-09,1.1400000000000001,1.03,1.22,1.08,1.16,164.00259560150656,164.00259560150656,84.0,84.0
2022-06-10,1.11,1.0,1.19,1.05,1.1300000000000001,163.28655745953,163.28655745953,152.0,152.0
2022-06-11,1.08,0.98,1.16,1.01,1.09,161.49650366351693,161.49650366351693,131.0,131.0
2022-06-12,1.04,0.9400000000000001,1.12,0.98,1.06,158.6630312896068,158.6630312896068,133.0,133.0
2022-06-13,1.01,0.9,1.08,0.9400000000000001,1.02,154.85460407170717,154.85460407170717,105.0,105.0
2022-06-14,0.98,0.87,1.05,0.93,1.0,150.18934417592783,150.18934417592783,136.0,136.0
2022-06-15,0.9400000000000001,0.85,1.02,0.9,0.97,144.8448406975854,144.8448406975854,145.0,145.0
2022-06-16,0.91,0.8200000000000001,0.99,0.86,0.93,139.06166523418327,139.06166523418327,167.0,167.0
2022-06-17,0.88,0.79,0.96,0.84,0.91,133.1375907021489,133.1375907021489,168.0,168.0
2022-06-18,0.86,0.76,0.93,0.81,0.88,127.4119318977143,127.4119318977143,153.0,153.0
2022-06-19,0.84,0.74,0.91,0.79,0.86,122.242156532398,122.242156532398,92.0,92.0
2022-06-20,0.8300000000000001,0.73,0.9,0.78,0.85,117.97694121944218,117.97694121944218,155.0,155.0
2022-06-21,0.8200000000000001,0.73,0.9,0.78,0.85,114.93041874859702,114.93041874859702,125.0,125.0
2022-06-22,0.8300000000000001,0.74,0.91,0.79,0.86,113.36136872056012,113.36136872056012,148.0,148.0
2022-06-23,0.85,0.76,0.93,0.81,0.88,113.45910764870669,113.45910764870669,203.0,203.0
2022-06-24,0.88,0.77,0.9500000000000001,0.81,0.89,115.33575759083236,115.33575759083236,176.0,176.0
2022-06-25,0.92,0.81,0.99,0.85,0.93,119.02321962651423,119.02321962651423,173.0,173.0
2022-06-26,0.97,0.87,1.05,0.9,0.98,124.47289960504365,124.47289960504365,179.0,179.0
2022-06-27,1.02,0.91,1.1,0.96,1.04,131.55687074738967,131.55687074738967,169.0,169.0
2022-06-28,1.08,0.98,1.17,1.03,1.11,140.07024201699318,140.07024201699318,111.0,111.0
2022-06-29,1.1500000000000001,1.04,1.23,1.09,1.17,149.73553088635228,149.73553088635228,138.0,138.0
2022-06-30,1.2,1.09,1.29,1.1500000000000001,1.23,160.21047928052747,160.21047928052747,119.0,119.0
2022-07-01,1.26,1.1400000000000001,1.34,1.21,1.29,171.10088225939836,171.10088225939836,138.0,138.0
2022-07-02,1.3,1.18,1.3800000000000001,1.25,1.33,181.9796343863268,181.9796343863268,127.0,127.0
2022-07-03,1.32,1.21,1.41,1.27,1.35,192.41236415500978,192.41236415500978,140.0,140.0
2022-07-04,1.34,1.24,1.43,1.28,1.36,201.98870921120215,201.98870921120215,77.0,77.0
2022-07-05,1.33,1.23,1.42,1.28,1.36,210.35652690038478,210.35652690038478,107.0,107.0
2022-07-06,1.32,1.21,1.4000000000000001,1.26,1.34,217.25442601138474,217.25442601138474,119.0,119.0
2022-07-07,1.29,1.18,1.37,1.23,1.31,222.53659801420363,222.53659801420363,128.0,128.0
2022-07-08,1.25,1.1500000000000001,1.33,1.19,1.27,226.18387679546518,226.18387679546518,121.0,121.0
2022-07-09,1.21,1.11,1.29,1.1500000000000001,1.23,228.29688157942155,228.29688157942155,147.0,147.0
2022-07-10,1.17,1.08,1.25,1.1300000000000001,1.2,229.07087731708518,229.07087731708518,144.0,144.0
2022-07-11,1.1300000000000001,1.03,1.2,1.08,1.1500000000000001,228.75658046115186,228.75658046115186,112.0,112.0
2022-07-12,1.09,0.99,1.16,1.04,1.11,227.6149352125209,227.6149352125209,97.0,97.0
2022-07-13,1.06,0.97,1.1300000000000001,1.0,1.07,225.87544084539297,225.87544084539297,161.0,161.0
2022-07-14,1.03,0.9400000000000001,1.1,0.97,1.04,223.706343621851,223.706343621851,160.0,160.0
2022-07-15,1.01,0.91,1.07,0.9500000000000001,1.02,221.2014514310733,221.2014514310733,219.0,219.0
2022-07-16,0.99,0.89,1.05,0.93,1.0,218.3838242311702,218.3838242311702,265.0,265.0
2022-07-17,0.97,0.87,1.03,0.91,0.98,215.22263796616687,215.22263796616687,232.0,232.0
2022-07-18,0.96,0.86,1.02,0.9,0.97,211.6571766111317,211.6571766111317,169.0,169.0
2022-07-19,0.9400000000000001,0.85,1.01,0.88,0.9500000000000001,207.6215220435373,207.6215220435373,178.0,178.0
2022-07-20,0.93,0.85,1.0,0.87,0.9400000000000001,203.06478349894363,203.06478349894363,205.0,205.0
2022-07-21,0.92,0.84,0.99,0.86,0.93,197.9639601186781,197.9639601186781,237.0,237.0
2022-07-22,0.91,0.8300000000000001,0.98,0.85,0.92,192.3289916043707,192.3289916043707,201.0,201.0
2022-07-23,0.89,0.8,0.96,0.84,0.91,186.20155525503438,186.20155525503438,186.0,186.0
2022-07-24,0.88,0.8,0.9500000000000001,0.8200000000000001,0.89,179.65025661663321,179.65025661663321,236.0,236.0
2022-07-25,0.87,0.77,0.93,0.81,0.88,172.76486476812724,172.76486476812724,172.0,172.0
2022-07-26,0.85,0.76,0.92,0.79,0.86,165.65132421827187,165.65132421827187,211.0,211.0
2022-07-27,0.84,0.74,0.9,0.78,0.85,158.42790432198936,158.42790432198936,265.0,265.0
2022-07-28,0.8200000000000001,0.73,0.89,0.77,0.84,151.2216530316136,151.2216530316136,223.0,223.0
2022-07-29,0.81,0.72,0.88,0.75,0.8200000000000001,144.16383437538008,144.16383437538008,246.0,246.0
2022-07-30,0.8,0.71,0.87,0.74,0.81,137.38342909826846,137.38342909826846,191.0,191.0
2022-07-31,0.79,0.7000000000000001,0.86,0.74,0.81,130.9988044144665,130.9988044144665,216.0,216.0
2022-08-01,0.79,0.7000000000000001,0.86,0.73,0.8,125.10874819393413,125.10874819393413,171.0,171.0
2022-08-02,0.78,0.7000000000000001,0.86,0.73,0.8,119.78465457923147,119.78465457923147,172.0,172.0
2022-08-03,0.78,0.7000000000000001,0.86,0.73,0.8,115.06548125275637,115.06548125275637,195.0,195.0
2022-08-04,0.79,0.6900000000000001,0.86,0.74,0.81,110.95632657425381,110.95632657425381,230.0,230.0
2022-08-05,0.79,0.7000000000000001,0.87,0.75,0.8200000000000001,107.43053694442845,107.43053694442845,232.0,232.0
2022-08-06,0.8,0.71,0.88,0.76,0.8300000000000001,104.43459653291985,104.43459653291985,197.0,197.0
2022-08-07,0.81,0.71,0.89,0.77,0.84,101.89486986349198,101.89486986349198,201.0,201.0
2022-08-08,0.8300000000000001,0.72,0.9,0.76,0.84,99.72543410126089,99.72543410126089,106.0,106.0
2022-08-09,0.84,0.74,0.92,0.78,0.86,97.83643525046763,97.83643525046763,117.0,117.0
2022-08-10,0.85,0.76,0.9400000000000001,0.79,0.87,96.14237689718728,96.14237689718728,169.0,169.0
2022-08-11,0.87,0.76,0.9500000000000001,0.81,0.89,94.56950344030638,94.56950344030638,210.0,210.0
2022-08-12,0.88,0.77,0.96,0.8200000000000001,0.9,93.06122845427632,93.06122845427632,156.0,156.0
2022-08-13,0.89,0.78,0.97,0.8300000000000001,0.91,91.58069685725435,91.58069685725435,134.0,134.0
2022-08-14,0.9,0.79,0.98,0.84,0.92,90.11017503270793,90.11017503270793,119.0,119.0
2022-08-15,0.9,0.79,0.99,0.85,0.93,88.64783624650072,88.64783624650072,89.0,89.0
2022-08-16,0.91,0.79,0.99,0.86,0.9400000000000001,87.20323611785622,87.20323611785622,94.0,94.0
2022-08-17,0.91,0.8,1.0,0.86,0.9400000000000001,85.79298525070033,85.79298525070033,123.0,123.0
2022-08-18,0.91,0.8,1.0,0.87,0.9500000000000001,84.43772641057437,84.43772641057437,143.0,143.0
2022-08-19,0.91,0.8,1.0,0.84,0.93,83.16073191825718,83.16073191825718,142.0,142.0
2022-08-20,0.92,0.81,1.01,0.84,0.93,81.9876398136849,81.9876398136849,111.0,111.0
2022-08-21,0.92,0.81,1.01,0.85,0.9400000000000001,80.94637450165342,80.94637450165342,91.0,91.0
2022-08-22,0.92,0.8200000000000001,1.02,0.85,0.9400000000000001,80.06627599837806,80.06627599837806,91.0,91.0
2022-08-23,0.93,0.8200000000000001,1.02,0.86,0.9500000000000001,79.37581592758546,79.37581592758546,101.0,101.0
2022-08-24,0.93,0.81,1.02,0.86,0.9500000000000001,78.89883196908565,78.89883196908565,112.0,112.0
2022-08-25,0.9400000000000001,0.8200000000000001,1.03,0.87,0.96,78.64979444164508,78.64979444164508,93.0,93.0
2022-08-26,0.9500000000000001,0.8300000000000001,1.04,0.88,0.97,78.62910276175464,78.62910276175464,95.0,95.0
2022-08-27,0.96,0.84,1.05,0.89,0.98,78.81969282133721,78.81969282133721,100.0,100.0
2022-08-28,0.97,0.85,1.06,0.9,0.99,79.18621517391654,79.18621517391654,83.0,83.0
2022-08-29,0.98,0.86,1.07,0.91,1.0,79.67763868502453,79.67763868502453,72.0,72.0
2022-08-30,0.99,0.88,1.09,0.92,1.01,80.23336210383842,80.23336210383842,98.0,98.0
2022-08-31,1.0,0.89,1.1,0.9400000000000001,1.03,80.79195253822436,80.79195253822436,110.0,110.0
2022-09-01,1.01,0.9,1.11,0.9400000000000001,1.03,81.30078917830465,81.30078917830465,104.0,104.0
2022-09-02,1.02,0.91,1.12,0.9500000000000001,1.04,81.72450088328429,81.72450088328429,75.0,75.0
2022-09-03,1.02,0.89,1.11,0.96,1.05,82.0503190966679,82.0503190966679,74.0,74.0
2022-09-04,1.02,0.89,1.11,0.96,1.05,82.28923199942786,82.28923199942786,77.0,77.0
2022-09-05,1.02,0.9,1.12,0.96,1.05,82.47280923463946,82.47280923463946,65.0,65.0
2022-09-06,1.02,0.89,1.11,0.96,1.05,82.64640945002768,82.64640945002768,62.0,62.0
2022-09-07,1.02,0.91,1.12,0.96,1.05,82.8599758456256,82.8599758456256,96.0,96.0
2022-09-08,1.02,0.91,1.12,0.96,1.05,83.15779466015746,83.15779466015746,85.0,85.0
2022-09-09,1.02,0.91,1.12,0.96,1.05,83.56862034978445,83.56862034978445,85.0,85.0
2022-09-10,1.02,0.91,1.12,0.96,1.05,84.09761226369473,84.09761226369473,102.0,102.0
2022-09-11,1.02,0.91,1.12,0.96,1.05,84.72155473471386,84.72155473471386,63.0,63.0
2022-09-12,1.03,0.91,1.12,0.96,1.05,85.38864072823459,85.38864072823459,63.0,63.0
2022-09-13,1.03,0.92,1.1300000000000001,0.96,1.05,86.02346833745466,86.02346833745466,68.0,68.0
2022-09-14,1.03,0.92,1.1300000000000001,0.97,1.06,86.53681349422077,86.53681349422077,108.0,108.0
2022-09-15,1.03,0.92,1.1300000000000001,0.97,1.06,86.83850156841703,86.83850156841703,108.0,108.0
2022-09-16,1.03,0.92,1.1300000000000001,0.96,1.05,86.85081666819322,86.85081666819322,100.0,100.0
2022-09-17,1.03,0.91,1.12,0.96,1.05,86.51979658517938,86.51979658517938,81.0,81.0
2022-09-18,1.02,0.9,1.11,0.9500000000000001,1.04,85.82253570227381,85.82253570227381,57.0,57.0
2022-09-19,1.01,0.89,1.1,0.9400000000000001,1.03,84.76988659780633,84.76988659780633,50.0,50.0
2022-09-20,0.99,0.88,1.09,0.93,1.02,83.4051079428677,83.4051079428677,77.0,77.0
2022-09-21,0.98,0.86,1.07,0.91,1.0,81.79957928328211,81.79957928328211,71.0,71.0
2022-09-22,0.96,0.85,1.06,0.9,0.99,80.04662488590553,80.04662488590553,103.0,103.0
2022-09-23,0.9500000000000001,0.8300000000000001,1.04,0.88,0.97,78.25408443698753,78.25408443698753,108.0,108.0
2022-09-24,0.93,0.8200000000000001,1.03,0.87,0.96,76.53598507582664,76.53598507582664,98.0,98.0
2022-09-25,0.92,0.8,1.01,0.85,0.9400000000000001,75.00375442900575,75.00375442900575,77.0,77.0
2022-09-26,0.92,0.8,1.01,0.85,0.9400000000000001,73.75777204723319,73.75777204723319,56.0,56.0
2022-09-27,0.91,0.79,1.0,0.84,0.93,72.88035990785596,72.88035990785596,76.0,76.0
2022-09-28,0.92,0.8,1.01,0.85,0.9400000000000001,72.43126206771518,72.43126206771518,78.0,78.0
2022-09-29,0.92,0.81,1.02,0.86,0.9500000000000001,72.44619819699783,72.44619819699783,104.0,104.0
2022-09-30,0.9400000000000001,0.8200000000000001,1.03,0.87,0.96,72.93840159790255,72.93840159790255,117.0,117.0
2022-10-01,0.9500000000000001,0.84,1.05,0.89,0.98,73.90249272159025,73.90249272159025,110.0,110.0
2022-10-02,0.97,0.86,1.07,0.91,1.0,75.31982296909885,75.31982296909885,75.0,75.0
2022-10-03,1.0,0.87,1.09,0.93,1.02,77.16455056616759,77.16455056616759,60.0,60.0
2022-10-04,1.02,0.9,1.12,0.96,1.05,79.40997317747093,79.40997317747093,69.0,69.0
2022-10-05,1.05,0.93,1.1500000000000001,0.99,1.08,82.03478292627544,82.03478292627544,74.0,74.0
2022-10-06,1.08,0.9500000000000001,1.17,1.02,1.11,85.02880628126537,85.02880628126537,85.0,85.0
2022-10-07,1.1,0.98,1.2,1.05,1.1400000000000001,88.39754277933332,88.39754277933332,94.0,94.0
2022-10-08,1.1300000000000001,1.01,1.23,1.07,1.16,92.16466177980345,92.16466177980345,87.0,87.0
2022-10-09,1.1500000000000001,1.03,1.25,1.1,1.19,96.37173797922826,96.37173797922826,69.0,69.0
2022-10-10,1.18,1.06,1.28,1.12,1.21,101.07486621567031,101.07486621567031,63.0,63.0
2022-10-11,1.2,1.08,1.3,1.1400000000000001,1.23,106.33814422082251,106.33814422082251,53.0,53.0
2022-10-12,1.22,1.1,1.32,1.17,1.26,112.22408812697677,112.22408812697677,51.0,51.0
2022-10-13,1.25,1.12,1.34,1.19,1.28,118.7808399607228,118.7808399607228,105.0,105.0
2022-10-14,1.27,1.1400000000000001,1.36,1.21,1.3,126.02589644746358,126.02589644746358,96.0,96.0
2022-10-15,1.29,1.16,1.3800000000000001,1.22,1.31,133.9265987474172,133.9265987474172,96.0,96.0
2022-10-16,1.31,1.2,1.41,1.24,1.33,142.3791509363248,142.3791509363248,59.0,59.0
2022-10-17,1.32,1.21,1.42,1.26,1.35,151.19026021097565,151.19026021097565,81.0,81.0
2022-10-18,1.33,1.22,1.43,1.27,1.36,160.06764952161006,160.06764952161006,60.0,60.0
2022-10-19,1.34,1.22,1.43,1.27,1.36,168.6262877178187,168.6262877178187,73.0,73.0
2022-10-20,1.34,1.23,1.43,1.26,1.35,176.41510016933864,176.41510016933864,98.0,98.0
2022-10-21,1.32,1.21,1.41,1.28,1.36,182.9641054621901,182.9641054621901,107.0,107.0
2022-10-22,1.3,1.18,1.3800000000000001,1.25,1.33,187.84570445537824,187.84570445537824,130.0,130.0
2022-10-23,1.27,1.16,1.35,1.21,1.29,190.73852859061805,190.73852859061805,131.0,131.0
2022-10-24,1.23,1.12,1.31,1.17,1.25,191.48004860764416,191.48004860764416,105.0,105.0
2022-10-25,1.18,1.08,1.26,1.11,1.19,190.09607171230232,190.09607171230232,59.0,59.0
2022-10-26,1.12,1.02,1.2,1.06,1.1400000000000001,186.8006519957692,186.8006519957692,56.0,56.0
2022-10-27,1.07,0.98,1.1500000000000001,1.03,1.1,181.9668644024841,181.9668644024841,104.0,104.0
2022-10-28,1.01,0.92,1.09,0.97,1.04,176.07510524018497,176.07510524018497,140.0,140.0
2022-10-29,0.97,0.87,1.04,0.92,0.99,169.64946551295378,169.64946551295378,156.0,156.0
2022-10-30,0.92,0.84,1.0,0.87,0.9400000000000001,163.1937015919438,163.1937015919438,173.0,173.0
2022-10-31,0.89,0.81,0.97,0.84,0.91,157.13674650494121,157.13674650494121,140.0,140.0
2022-11-01,0.87,0.78,0.9400000000000001,0.81,0.88,151.7944512414648,151.7944512414648,109.0,109.0
2022-11-02,0.85,0.77,0.93,0.8,0.87,147.35037726139012,147.35037726139012,157.0,157.0
2022-11-03,0.85,0.76,0.92,0.79,0.86,143.85494296056484,143.85494296056484,232.0,232.0
2022-11-04,0.85,0.77,0.93,0.8,0.87,141.23973825279924,141.23973825279924,252.0,252.0
2022-11-05,0.86,0.76,0.93,0.81,0.88,139.34262832910002,139.34262832910002,228.0,228.0
2022-11-06,0.87,0.77,0.9400000000000001,0.8200000000000001,0.89,137.9391932189858,137.9391932189858,207.0,207.0
2022-11-07,0.89,0.79,0.96,0.84,0.91,136.77659814051566,136.77659814051566,132.0,132.0
2022-11-08,0.9,0.81,0.98,0.86,0.93,135.60660619993578,135.60660619993578,102.0,102.0
2022-11-09,0.92,0.8200000000000001,0.99,0.87,0.9400000000000001,134.21480957594903,134.21480957594903,145.0,145.0
2022-11-10,0.92,0.8200000000000001,1.0,0.86,0.9400000000000001,132.44334714750846,132.44334714750846,237.0,237.0
2022-11-11,0.93,0.8200000000000001,1.0,0.86,0.9400000000000001,130.2047834103286,130.2047834103286,160.0,160.0
2022-11-12,0.93,0.8200000000000001,1.0,0.86,0.9400000000000001,127.48581424706022,127.48581424706022,190.0,190.0
2022-11-13,0.92,0.8200000000000001,1.0,0.86,0.9400000000000001,124.34103489336135,124.34103489336135,135.0,135.0
2022-11-14,0.91,0.81,0.99,0.85,0.93,120.878675142326,120.878675142326,70.0,70.0
2022-11-15,0.9,0.8,0.98,0.84,0.92,117.24129604920547,117.24129604920547,92.0,92.0
2022-11-16,0.89,0.79,0.97,0.8300000000000001,0.91,113.5845385684388,113.5845385684388,173.0,173.0
2022-11-17,0.88,0.78,0.96,0.8200000000000001,0.9,110.05627941826735,110.05627941826735,216.0,216.0
2022-11-18,0.87,0.77,0.9500000000000001,0.81,0.89,106.77761709171502,106.77761709171502,186.0,186.0
2022-11-19,0.87,0.77,0.9500000000000001,0.8,0.88,103.82664920245438,103.82664920245438,136.0,136.0
2022-11-20,0.86,0.76,0.9400000000000001,0.8,0.88,101.2262598052789,101.2262598052789,148.0,148.0
2022-11-21,0.86,0.77,0.9500000000000001,0.8,0.88,98.9377820521194,98.9377820521194,69.0,69.0
2022-11-22,0.87,0.77,0.9500000000000001,0.8,0.88,96.86274343440091,96.86274343440091,95.0,95.0
2022-11-23,0.87,0.76,0.9500000000000001,0.81,0.89,94.85430597103792,94.85430597103792,180.0,180.0
2022-11-24,0.87,0.76,0.9500000000000001,0.81,0.89,92.73829613091242,92.73829613091242,184.0,184.0
2022-11-25,0.88,0.77,0.96,0.8200000000000001,0.9,90.34128710898541,90.34128710898541,178.0,178.0
2022-11-26,0.88,0.77,0.96,0.8200000000000001,0.9,87.52090238712002,87.52090238712002,120.0,120.0
2022-11-27,0.87,0.77,0.96,0.8200000000000001,0.9,84.19228057401003,84.19228057401003,134.0,134.0
2022-11-28,0.86,0.76,0.9500000000000001,0.81,0.89,80.3450574850983,80.3450574850983,81.0,81.0
2022-11-29,0.84,0.73,0.93,0.79,0.87,76.04725315364138,76.04725315364138,81.0,81.0
2022-11-30,0.8300000000000001,0.71,0.91,0.77,0.85,71.43547896465918,71.43547896465918,82.0,82.0
2022-12-01,0.8,0.6900000000000001,0.89,0.75,0.8300000000000001,66.69396428763217,66.69396428763217,133.0,133.0
2022-12-02,0.78,0.66,0.86,0.73,0.81,62.02715379182114,62.02715379182114,102.0,102.0
2022-12-03,0.76,0.64,0.84,0.71,0.79,57.63150107194179,57.63150107194179,103.0,103.0
2022-12-04,0.74,0.62,0.8200000000000001,0.6900000000000001,0.77,53.67150727940695,53.67150727940695,92.0,92.0
2022-12-05,0.72,0.61,0.81,0.65,0.74,50.2633811150508,50.2633811150508,82.0,82.0
2022-12-06,0.71,0.61,0.81,0.64,0.73,47.467550318364424,47.467550318364424,87.0,87.0
2022-12-07,0.71,0.59,0.8,0.64,0.73,45.28929294336705,45.28929294336705,123.0,123.0
2022-12-08,0.72,0.6,0.81,0.65,0.74,43.68545657468528,43.68545657468528,130.0,130.0
2022-12-09,0.73,0.62,0.8300000000000001,0.67,0.76,42.57476749547529,42.57476749547529,133.0,133.0
2022-12-10,0.75,0.63,0.85,0.6900000000000001,0.78,41.84948039854094,41.84948039854094,103.0,103.0
2022-12-11,0.77,0.65,0.87,0.72,0.81,41.38679089151974,41.38679089151974,72.0,72.0
2022-12-12,0.8,0.67,0.9,0.72,0.8200000000000001,41.0592042006944,41.0592042006944,55.0,55.0
2022-12-13,0.8300000000000001,0.7000000000000001,0.93,0.75,0.85,40.74366349123723,40.74366349123723,50.0,50.0
2022-12-14,0.85,0.73,0.96,0.78,0.88,40.32953635603658,40.32953635603658,61.0,61.0
2022-12-15,0.87,0.74,0.98,0.8,0.9,39.72551353658445,39.72551353658445,59.0,59.0
2022-12-16,0.88,0.76,1.0,0.8200000000000001,0.92,38.86520120274746,38.86520120274746,82.0,82.0
2022-12-17,0.89,0.75,1.0,0.8300000000000001,0.93,37.71089874864163,37.71089874864163,63.0,63.0
2022-12-18,0.89,0.75,1.0,0.84,0.9400000000000001,36.25496459864435,36.25496459864435,47.0,47.0
2022-12-19,0.88,0.75,1.0,0.8,0.91,34.51838910981739,34.51838910981739,48.0,48.0
2022-12-20,0.87,0.73,0.98,0.78,0.89,32.546653265350244,32.546653265350244,34.0,34.0
2022-12-21,0.85,0.72,0.97,0.76,0.87,30.40346561375959,30.40346561375959,48.0,48.0
2022-12-22,0.8200000000000001,0.6900000000000001,0.9400000000000001,0.74,0.85,28.163337983123366,28.163337983123366,47.0,47.0
2022-12-23,0.8,0.67,0.92,0.71,0.8200000000000001,25.904076045360966,25.904076045360966,53.0,53.0
2022-12-24,0.77,0.62,0.88,0.6900000000000001,0.8,23.700138139206324,23.700138139206324,41.0,41.0
2022-12-25,0.74,0.6,0.86,0.66,0.77,21.617542868025936,21.617542868025936,56.0,56.0
2022-12-26,0.72,0.5700000000000001,0.8300000000000001,0.64,0.75,19.710674400722503,19.710674400722503,49.0,49.0
2022-12-27,0.7000000000000001,0.55,0.81,0.62,0.73,18.021000585987565,18.021000585987565,33.0,33.0
2022-12-28,0.68,0.54,0.8,0.6,0.71,16.577411319655106,16.577411319655106,32.0,32.0
2022-12-29,0.67,0.51,0.78,0.59,0.7000000000000001,15.397630353360926,15.397630353360926,44.0,44.0
2022-12-30,0.66,0.51,0.78,0.59,0.7000000000000001,14.489992892076783,14.489992892076783,56.0,56.0
2022-12-31,0.66,0.52,0.79,0.6,0.71,13.854856414167486,13.854856414167486,46.0,46.0
2023-01-01,0.67,0.52,0.8,0.58,0.7000000000000001,13.485048298335931,13.485048298335931,46.0,46.0
2023-01-02,0.6900000000000001,0.54,0.8200000000000001,0.6,0.72,13.365047928258447,13.365047928258447,21.0,21.0
2023-01-03,0.71,0.55,0.84,0.63,0.75,13.469022262941223,13.469022262941223,17.0,17.0
2023-01-04,0.74,0.59,0.88,0.67,0.79,13.758323229232644,13.758323229232644,20.0,20.0
2023-01-05,0.78,0.61,0.91,0.68,0.81,14.1795135212839,14.1795135212839,29.0,29.0
2023-01-06,0.8200000000000001,0.66,0.96,0.72,0.85,14.664265645426285,14.664265645426285,34.0,34.0
2023-01-07,0.86,0.6900000000000001,1.0,0.77,0.9,15.132399897880044,15.132399897880044,31.0,31.0
2023-01-08,0.89,0.71,1.03,0.81,0.9400000000000001,15.498754771721188,15.498754771721188,32.0,32.0
2023-01-09,0.93,0.75,1.07,0.85,0.98,15.683527481079619,15.683527481079619,16.0,16.0
2023-01-10,0.9500000000000001,0.79,1.11,0.85,0.99,15.62441896612959,15.62441896612959,7.0,7.0
2023-01-11,0.97,0.78,1.11,0.86,1.0,15.287820109006043,15.287820109006043,16.0,16.0
2023-01-12,0.97,0.79,1.12,0.87,1.01,14.675909714401085,14.675909714401085,27.0,27.0
2023-01-13,0.96,0.79,1.12,0.86,1.0,13.827245621388094,13.827245621388094,18.0,18.0
2023-01-14,0.9400000000000001,0.78,1.11,0.85,0.99,12.810140151195213,12.810140151195213,9.0,9.0
2023-01-15,0.92,0.73,1.07,0.8200000000000001,0.96,11.710251160369827,11.710251160369827,14.0,14.0
2023-01-16,0.88,0.7000000000000001,1.04,0.79,0.93,10.615542472872434,10.615542472872434,4.0,4.0
2023-01-17,0.85,0.66,1.0,0.76,0.9,9.602365495892895,9.602365495892895,7.0,7.0
2023-01-18,0.81,0.63,0.97,0.72,0.86,8.725705065165043,8.725705065165043,9.0,9.0
2023-01-19,0.78,0.6,0.9400000000000001,0.6900000000000001,0.8300000000000001,8.015046447946732,8.015046447946732,11.0,11.0
2023-01-20,0.76,0.58,0.92,0.67,0.81,7.475619011450491,7.475619011450491,11.0,11.0
2023-01-21,0.74,0.56,0.9,0.66,0.8,7.093599364494973,7.093599364494973,28.0,28.0
2023-01-22,0.73,0.56,0.9,0.65,0.79,6.843430894427968,6.843430894427968,89.0,89.0
2023-01-23,0.73,0.54,0.89,0.62,0.77,6.695549284451944,6.695549284451944,2.0,2.0
2023-01-24,0.74,0.55,0.9,0.63,0.78,6.623166952537795,6.623166952537795,0.0,0.0
2023-01-25,0.75,0.55,0.91,0.64,0.79,6.607158636970374,6.607158636970374,6.0,6.0
2023-01-26,0.76,0.5700000000000001,0.93,0.66,0.81,6.638488130583321,6.638488130583321,4.0,4.0
2023-01-27,0.78,0.6,0.96,0.6900000000000001,0.84,6.7180705390521815,6.7180705390521815,6.0,6.0
2023-01-28,0.81,0.61,0.98,0.72,0.87,6.854447413230372,6.854447413230372,8.0,8.0
2023-01-29,0.8300000000000001,0.64,1.01,0.71,0.87,7.060038765716727,7.060038765716727,9.0,9.0
2023-01-30,0.86,0.65,1.03,0.74,0.9,7.346899762263691,7.346899762263691,8.0,8.0
2023-01-31,0.89,0.6900000000000001,1.07,0.78,0.9400000000000001,7.722822972350831,7.722822972350831,7.0,7.0
2023-02-01,0.92,0.73,1.11,0.81,0.97,8.188375345747545,8.188375345747545,14.0,14.0
2023-02-02,0.9500000000000001,0.74,1.1300000000000001,0.85,1.01,8.735175962627947,8.735175962627947,13.0,13.0
2023-02-03,0.99,0.79,1.18,0.9,1.06,9.345507244235217,9.345507244235217,13.0,13.0
2023-02-04,1.03,0.8200000000000001,1.21,0.9400000000000001,1.1,9.993238187393667,9.993238187393667,13.0,13.0
2023-02-05,1.06,0.84,1.27,0.9400000000000001,1.12,10.64598729873065,10.64598729873065,2.0,2.0
2023-02-06,1.1,0.86,1.31,0.96,1.1500000000000001,11.268394909099413,11.268394909099413,8.0,8.0
2023-02-07,1.12,0.87,1.36,1.0,1.2,11.826246053853483,11.826246053853483,3.0,3.0
2023-02-08,1.1500000000000001,0.88,1.41,1.0,1.22,12.29097144359668,12.29097144359668,6.0,6.0
2023-02-09,1.16,0.89,1.46,1.0,1.24,12.643809097412104,12.643809097412104,8.0,8.0
2023-02-10,1.17,0.87,1.49,1.0,1.26,12.878733668486289,12.878733668486289,11.0,11.0
2023-02-11,1.17,0.84,1.53,1.02,1.3,13.003267397055897,13.003267397055897,12.0,12.0
2023-02-12,1.16,0.8200000000000001,1.56,0.99,1.29,13.03659999178852,13.03659999178852,2.0,2.0
2023-02-13,1.1500000000000001,0.78,1.56,0.96,1.28,13.005163139411927,13.005163139411927,2.0,2.0
2023-02-14,1.1400000000000001,0.77,1.56,0.97,1.29,12.936801405579182,12.936801405579182,4.0,4.0
2023-02-15,1.12,0.75,1.58,0.91,1.25,12.855414333131495,12.855414333131495,12.0,12.0
